Temperature,Humidity,NO2,SO2,PM2.5,source_file,full_date,month,year,day_of_week,season,is_weekend
29.32,33.23,18.61,18.54,32.12,AQR-Jun2019.csv,2019-06-01,6,2019,Saturday,Summer,True
35.04,30.76,20.42,7.77,30.6,AQR-Jun2019.csv,2019-06-02,6,2019,Sunday,Summer,True
25.95,36.43,11.54,11.06,30.18,AQR-Jun2019.csv,2019-06-03,6,2019,Monday,Summer,False
30.15,38.38,11.71,11.4,30.91,AQR-Jun2019.csv,2019-06-04,6,2019,Tuesday,Summer,False
25.87,36.55,11.97,11.57,30.74,AQR-Jun2019.csv,2019-06-05,6,2019,Wednesday,Summer,False
21.72,35.43,11.44,11.84,29.41,AQR-Jun2019.csv,2019-06-06,6,2019,Thursday,Summer,False
22.48,36.1,11.22,11.66,29.24,AQR-Jun2019.csv,2019-06-07,6,2019,Friday,Summer,False
24.33,36.91,11.66,11.47,28.35,AQR-Jun2019.csv,2019-06-08,6,2019,Saturday,Summer,True
24.62,36.9,11.21,11.06,29.9,AQR-Jun2019.csv,2019-06-09,6,2019,Sunday,Summer,True
24.6,38.17,11.14,11.33,32.76,AQR-Jun2019.csv,2019-06-10,6,2019,Monday,Summer,False
21.8,38.86,11.47,11.32,28.47,AQR-Jun2019.csv,2019-06-11,6,2019,Tuesday,Summer,False
20.53,39.55,10.67,10.9,26.67,AQR-Jun2019.csv,2019-06-12,6,2019,Wednesday,Summer,False
23.14,36.63,12.32,11.62,30.7,AQR-Jun2019.csv,2019-06-13,6,2019,Thursday,Summer,False
23.32,36.47,11.99,11.18,29.43,AQR-Jun2019.csv,2019-06-14,6,2019,Friday,Summer,False
23.78,40.92,10.28,10.1,28.23,AQR-Jun2019.csv,2019-06-15,6,2019,Saturday,Summer,True
22.89,41.81,10.47,10.29,27.35,AQR-Jun2019.csv,2019-06-16,6,2019,Sunday,Summer,True
23.25,39.41,10.76,10.89,29.75,AQR-Jun2019.csv,2019-06-17,6,2019,Monday,Summer,False
23.04,40.07,10.78,10.7,28.67,AQR-Jun2019.csv,2019-06-18,6,2019,Tuesday,Summer,False
32.93,35.32,16.98,7.1,29.52,AQR-Jun2019.csv,2019-06-19,6,2019,Wednesday,Summer,False
27.0,37.4,11.44,10.43,17.0,AQR-Jun2019.csv,2019-06-20,6,2019,Thursday,Summer,False
27.4,35.43,12.18,10.88,19.57,AQR-Jun2019.csv,2019-06-21,6,2019,Friday,Summer,False
27.27,36.65,11.91,10.49,20.73,AQR-Jun2019.csv,2019-06-22,6,2019,Saturday,Summer,True
26.73,37.89,11.44,10.3,24.2,AQR-Jun2019.csv,2019-06-23,6,2019,Sunday,Summer,True
26.07,37.04,14.52,11.5,30.39,AQR-Jun2019.csv,2019-06-24,6,2019,Monday,Summer,False
32.2,31.71,14.23,11.6,27.31,AQR-Jun2019.csv,2019-06-25,6,2019,Tuesday,Summer,False
35.47,24.58,14.26,12.26,28.83,AQR-Jun2019.csv,2019-06-26,6,2019,Wednesday,Summer,False
35.62,18.7,13.91,11.19,34.22,AQR-Jun2019.csv,2019-06-27,6,2019,Thursday,Summer,False
36.0,18.45,13.87,11.17,32.84,AQR-Jun2019.csv,2019-06-28,6,2019,Friday,Summer,False
37.64,19.87,11.62,10.0,43.29,AQR-Jun2019.csv,2019-06-29,6,2019,Saturday,Summer,True
35.9,22.37,11.91,9.39,29.16,AQR-Jun2019.csv,2019-06-30,6,2019,Sunday,Summer,True
36.37,20.34,15.03,10.6,33.67,AQR-July2019.csv,2019-07-01,7,2019,Monday,Summer,False
38.5,18.5,15.43,11.66,41.24,AQR-July2019.csv,2019-07-02,7,2019,Tuesday,Summer,False
36.53,18.11,16.06,11.82,41.36,AQR-July2019.csv,2019-07-03,7,2019,Wednesday,Summer,False
36.77,18.81,16.17,11.1,42.24,AQR-July2019.csv,2019-07-04,7,2019,Thursday,Summer,False
34.0,24.58,15.05,9.79,34.25,AQR-July2019.csv,2019-07-05,7,2019,Friday,Summer,False
29.5,28.58,12.39,8.81,31.6,AQR-July2019.csv,2019-07-06,7,2019,Saturday,Summer,True
33.5,30.95,12.44,8.93,32.31,AQR-July2019.csv,2019-07-07,7,2019,Sunday,Summer,True
34.67,34.64,14.1,10.13,31.94,AQR-July2019.csv,2019-07-08,7,2019,Monday,Summer,False
34.67,34.64,14.1,10.13,31.94,AQR-July2019.csv,2019-07-09,7,2019,Tuesday,Summer,False
29.0,38.22,14.04,9.47,30.98,AQR-July2019.csv,2019-07-10,7,2019,Wednesday,Summer,False
28.33,39.34,13.12,9.08,31.07,AQR-July2019.csv,2019-07-11,7,2019,Thursday,Summer,False
30.6,38.31,10.93,7.12,39.55,AQR-July2019.csv,2019-07-12,7,2019,Friday,Summer,False
28.7,41.73,10.07,6.17,27.6,AQR-July2019.csv,2019-07-13,7,2019,Saturday,Summer,True
28.6,43.17,10.12,6.21,28.43,AQR-July2019.csv,2019-07-14,7,2019,Sunday,Summer,True
29.44,61.83,7.7,5.66,31.59,AQR-July2019.csv,2019-07-15,7,2019,Monday,Summer,False
27.53,59.13,11.14,4.29,26.0,AQR-July2019.csv,2019-07-16,7,2019,Tuesday,Summer,False
27.07,64.13,10.28,5.08,34.86,AQR-July2019.csv,2019-07-17,7,2019,Wednesday,Summer,False
27.87,62.46,12.91,5.0,36.5,AQR-July2019.csv,2019-07-18,7,2019,Thursday,Summer,False
30.7,54.2,13.91,5.38,36.67,AQR-July2019.csv,2019-07-19,7,2019,Friday,Summer,False
30.93,52.54,11.74,4.61,26.26,AQR-July2019.csv,2019-07-20,7,2019,Saturday,Summer,True
27.9,58.79,11.43,4.43,34.3,AQR-July2019.csv,2019-07-21,7,2019,Sunday,Summer,True
29.57,81.5,9.09,5.91,37.85,AQR-July2019.csv,2019-07-22,7,2019,Monday,Summer,False
30.8,46.82,13.59,4.7,41.39,AQR-July2019.csv,2019-07-23,7,2019,Tuesday,Summer,False
34.83,59.82,10.0,4.15,44.2,AQR-July2019.csv,2019-07-24,7,2019,Wednesday,Summer,False
25.03,62.06,16.05,4.77,24.24,AQR-July2019.csv,2019-07-25,7,2019,Thursday,Summer,False
27.73,55.83,16.19,4.73,23.82,AQR-July2019.csv,2019-07-26,7,2019,Friday,Summer,False
26.73,57.97,14.78,4.67,23.82,AQR-July2019.csv,2019-07-27,7,2019,Saturday,Summer,True
27.37,59.82,16.19,4.88,24.56,AQR-July2019.csv,2019-07-28,7,2019,Sunday,Summer,True
31.03,48.49,12.23,4.89,25.49,AQR-July2019.csv,2019-07-29,7,2019,Monday,Summer,False
31.4,45.78,11.14,5.07,28.26,AQR-July2019.csv,2019-07-30,7,2019,Tuesday,Summer,False
26.93,48.49,9.57,5.8,18.75,AQR-July2019.csv,2019-07-31,7,2019,Wednesday,Summer,False
25.6,59.72,11.43,5.72,18.68,AQR-Aug2019.csv,2019-08-01,8,2019,Thursday,Summer,False
29.0,43.44,12.34,5.95,27.35,AQR-Aug2019.csv,2019-08-02,8,2019,Friday,Summer,False
28.43,47.45,10.95,5.56,24.01,AQR-Aug2019.csv,2019-08-03,8,2019,Saturday,Summer,True
31.47,44.23,14.66,4.85,28.44,AQR-Aug2019.csv,2019-08-04,8,2019,Sunday,Summer,True
31.17,49.04,8.27,5.13,27.78,AQR-Aug2019.csv,2019-08-05,8,2019,Monday,Summer,False
31.6,51.94,10.77,5.02,26.82,AQR-Aug2019.csv,2019-08-06,8,2019,Tuesday,Summer,False
27.77,54.47,13.02,5.95,26.77,AQR-Aug2019.csv,2019-08-07,8,2019,Wednesday,Summer,False
31.53,47.62,10.11,5.26,29.1,AQR-Aug2019.csv,2019-08-08,8,2019,Thursday,Summer,False
28.87,69.23,10.8,5.62,22.1,AQR-Aug2019.csv,2019-08-09,8,2019,Friday,Summer,False
25.29,65.47,11.85,5.64,20.64,AQR-Aug2019.csv,2019-08-10,8,2019,Saturday,Summer,True
26.6,60.55,12.25,5.85,24.82,AQR-Aug2019.csv,2019-08-11,8,2019,Sunday,Summer,True
27.73,57.5,11.97,5.79,23.89,AQR-Aug2019.csv,2019-08-12,8,2019,Monday,Summer,False
29.48,57.76,10.77,5.58,22.6,AQR-Aug2019.csv,2019-08-13,8,2019,Tuesday,Summer,False
28.63,64.6,11.15,5.75,24.55,AQR-Aug2019.csv,2019-08-14,8,2019,Wednesday,Summer,False
29.43,69.22,11.51,5.95,26.99,AQR-Aug2019.csv,2019-08-15,8,2019,Thursday,Summer,False
28.47,62.47,9.22,6.08,26.77,AQR-Aug2019.csv,2019-08-16,8,2019,Friday,Summer,False
28.83,70.17,11.09,6.37,26.77,AQR-Aug2019.csv,2019-08-17,8,2019,Saturday,Summer,True
28.82,69.95,10.73,6.46,26.04,AQR-Aug2019.csv,2019-08-18,8,2019,Sunday,Summer,True
29.17,63.89,13.48,6.71,24.56,AQR-Aug2019.csv,2019-08-19,8,2019,Monday,Summer,False
30.4,69.31,16.3,6.99,25.94,AQR-Aug2019.csv,2019-08-20,8,2019,Tuesday,Summer,False
29.83,65.5,17.95,6.58,27.17,AQR-Aug2019.csv,2019-08-21,8,2019,Wednesday,Summer,False
30.83,62.33,12.51,6.17,33.21,AQR-Aug2019.csv,2019-08-22,8,2019,Thursday,Summer,False
29.53,69.42,15.5,6.67,33.29,AQR-Aug2019.csv,2019-08-23,8,2019,Friday,Summer,False
31.17,57.33,14.53,6.15,33.17,AQR-Aug2019.csv,2019-08-24,8,2019,Saturday,Summer,True
30.43,60.26,10.32,6.33,35.45,AQR-Aug2019.csv,2019-08-25,8,2019,Sunday,Summer,True
26.53,70.98,15.19,7.6,31.91,AQR-Aug2019.csv,2019-08-26,8,2019,Monday,Summer,False
29.83,65.5,17.95,6.58,27.17,AQR-Aug2019.csv,2019-08-27,8,2019,Tuesday,Summer,False
30.83,64.58,13.18,6.54,37.17,AQR-Aug2019.csv,2019-08-28,8,2019,Wednesday,Summer,False
30.6,66.55,14.71,6.51,37.35,AQR-Aug2019.csv,2019-08-29,8,2019,Thursday,Summer,False
30.43,60.26,10.32,6.33,35.45,AQR-Aug2019.csv,2019-08-30,8,2019,Friday,Summer,False
29.87,66.28,19.0,6.74,33.47,AQR-Aug2019.csv,2019-08-31,8,2019,Saturday,Summer,True
30.33,68.79,10.95,6.84,27.57,AQR-Sept2019.csv,2019-09-01,9,2019,Sunday,Summer,True
30.47,66.16,12.51,6.96,25.32,AQR-Sept2019.csv,2019-09-02,9,2019,Monday,Summer,False
30.5,67.02,15.13,6.95,33.82,AQR-Sept2019.csv,2019-09-03,9,2019,Tuesday,Summer,False
31.23,64.27,12.29,7.95,34.88,AQR-Sept2019.csv,2019-09-04,9,2019,Wednesday,Summer,False
29.67,72.43,11.66,7.8,32.93,AQR-Sept2019.csv,2019-09-05,9,2019,Thursday,Summer,False
30.13,78.47,12.79,7.68,32.72,AQR-Sept2019.csv,2019-09-06,9,2019,Friday,Summer,False
30.0,72.46,10.82,7.72,23.29,AQR-Sept2019.csv,2019-09-07,9,2019,Saturday,Summer,True
29.4,73.76,13.16,7.86,29.26,AQR-Sept2019.csv,2019-09-08,9,2019,Sunday,Summer,True
31.3,68.15,10.23,6.74,36.71,AQR-Sept2019.csv,2019-09-09,9,2019,Monday,Summer,False
31.53,66.79,10.64,6.74,37.36,AQR-Sept2019.csv,2019-09-10,9,2019,Tuesday,Summer,False
31.27,68.47,11.95,6.8,41.63,AQR-Sept2019.csv,2019-09-11,9,2019,Wednesday,Summer,False
31.8,63.8,13.82,6.68,44.38,AQR-Sept2019.csv,2019-09-12,9,2019,Thursday,Summer,False
28.77,77.62,11.49,5.75,35.04,AQR-Sept2019.csv,2019-09-13,9,2019,Friday,Summer,False
30.03,72.32,11.38,5.52,30.12,AQR-Sept2019.csv,2019-09-14,9,2019,Saturday,Summer,True
29.5,73.45,10.61,5.85,29.91,AQR-Sept2019.csv,2019-09-15,9,2019,Sunday,Summer,True
28.57,77.32,11.93,5.79,30.16,AQR-Sept2019.csv,2019-09-16,9,2019,Monday,Summer,False
29.4,76.72,15.65,9.65,44.49,AQR-Sept2019.csv,2019-09-17,9,2019,Tuesday,Summer,False
28.93,80.14,13.67,8.6,51.04,AQR-Sept2019.csv,2019-09-18,9,2019,Wednesday,Summer,False
27.23,83.96,12.79,7.91,36.21,AQR-Sept2019.csv,2019-09-19,9,2019,Thursday,Summer,False
27.67,78.26,14.29,8.44,33.28,AQR-Sept2019.csv,2019-09-20,9,2019,Friday,Summer,False
28.7,74.47,17.3,9.85,41.81,AQR-Sept2019.csv,2019-09-21,9,2019,Saturday,Summer,True
29.43,71.81,13.85,11.09,42.24,AQR-Sept2019.csv,2019-09-22,9,2019,Sunday,Summer,True
28.4,76.0,12.6,9.85,43.34,AQR-Sept2019.csv,2019-09-23,9,2019,Monday,Summer,False
28.43,74.26,12.32,9.84,53.16,AQR-Sept2019.csv,2019-09-24,9,2019,Tuesday,Summer,False
27.17,80.28,14.59,10.28,60.7,AQR-Sept2019.csv,2019-09-25,9,2019,Wednesday,Summer,False
28.8,78.07,11.6,9.48,51.52,AQR-Sept2019.csv,2019-09-26,9,2019,Thursday,Summer,False
27.67,83.69,14.21,9.85,29.31,AQR-Sept2019.csv,2019-09-27,9,2019,Friday,Summer,False
26.43,84.56,11.23,8.82,23.85,AQR-Sept2019.csv,2019-09-28,9,2019,Saturday,Summer,True
26.53,82.08,9.78,8.38,27.6,AQR-Sept2019.csv,2019-09-29,9,2019,Sunday,Summer,True
27.0,78.69,12.11,9.12,28.35,AQR-Sept2019.csv,2019-09-30,9,2019,Monday,Summer,False
25.6,83.38,15.25,9.89,32.95,AQR-Oct2019.csv,2019-10-01,10,2019,Tuesday,Summer,False
26.07,80.52,16.43,11.82,39.35,AQR-Oct2019.csv,2019-10-02,10,2019,Wednesday,Summer,False
23.73,85.4,19.68,13.85,40.55,AQR-Oct2019.csv,2019-10-03,10,2019,Thursday,Summer,False
26.07,80.68,11.58,9.45,27.27,AQR-Oct2019.csv,2019-10-04,10,2019,Friday,Summer,False
26.47,83.11,15.11,10.93,34.79,AQR-Oct2019.csv,2019-10-05,10,2019,Saturday,Summer,True
23.37,85.79,22.96,17.0,47.15,AQR-Oct2019.csv,2019-10-06,10,2019,Sunday,Summer,True
24.57,82.11,17.78,14.99,31.08,AQR-Oct2019.csv,2019-10-07,10,2019,Monday,Summer,False
26.4,79.13,16.55,13.94,38.7,AQR-Oct2019.csv,2019-10-08,10,2019,Tuesday,Summer,False
25.03,85.36,22.89,9.9,33.55,AQR-Oct2019.csv,2019-10-09,10,2019,Wednesday,Summer,False
26.6,81.38,19.44,10.56,41.75,AQR-Oct2019.csv,2019-10-10,10,2019,Thursday,Summer,False
27.0,79.01,21.55,10.74,47.03,AQR-Oct2019.csv,2019-10-11,10,2019,Friday,Summer,False
26.97,79.76,21.63,10.73,58.63,AQR-Oct2019.csv,2019-10-12,10,2019,Saturday,Summer,True
27.13,78.78,19.23,10.8,58.51,AQR-Oct2019.csv,2019-10-13,10,2019,Sunday,Summer,True
27.23,76.34,20.13,11.67,55.78,AQR-Oct2019.csv,2019-10-14,10,2019,Monday,Summer,False
27.47,76.32,19.56,11.09,54.67,AQR-Oct2019.csv,2019-10-15,10,2019,Tuesday,Summer,False
27.13,78.78,19.14,11.19,89.96,AQR-Oct2019.csv,2019-10-16,10,2019,Wednesday,Summer,False
26.27,85.24,14.6,11.2,53.43,AQR-Oct2019.csv,2019-10-17,10,2019,Thursday,Summer,False
24.63,86.38,16.53,12.39,34.59,AQR-Oct2019.csv,2019-10-18,10,2019,Friday,Summer,False
24.77,84.24,20.1,12.98,45.87,AQR-Oct2019.csv,2019-10-19,10,2019,Saturday,Summer,True
24.87,80.71,16.52,13.62,52.94,AQR-Oct2019.csv,2019-10-20,10,2019,Sunday,Summer,True
24.87,80.71,16.52,13.62,52.94,AQR-Oct2019.csv,2019-10-21,10,2019,Monday,Summer,False
25.17,82.74,20.88,13.4,46.37,AQR-Oct2019.csv,2019-10-22,10,2019,Tuesday,Summer,False
25.57,80.26,19.66,13.2,49.94,AQR-Oct2019.csv,2019-10-23,10,2019,Wednesday,Summer,False
26.27,77.94,21.18,13.0,56.43,AQR-Oct2019.csv,2019-10-24,10,2019,Thursday,Summer,False
26.53,75.24,18.41,12.91,56.81,AQR-Oct2019.csv,2019-10-25,10,2019,Friday,Summer,False
26.43,76.06,23.31,11.93,52.23,AQR-Oct2019.csv,2019-10-26,10,2019,Saturday,Summer,True
26.2,77.19,18.21,11.3,53.52,AQR-Oct2019.csv,2019-10-27,10,2019,Sunday,Summer,True
26.23,75.26,24.12,12.65,60.82,AQR-Oct2019.csv,2019-10-28,10,2019,Monday,Summer,False
24.67,73.49,35.1,14.32,86.01,AQR-Oct2019.csv,2019-10-29,10,2019,Tuesday,Summer,False
24.83,72.1,25.82,13.77,84.6,AQR-Oct2019.csv,2019-10-30,10,2019,Wednesday,Summer,False
25.7,60.67,20.9,13.82,61.34,AQR-Oct2019.csv,2019-10-31,10,2019,Thursday,Summer,False
22.45,65.67,22.56,13.78,38.65,AQR-Nov2019.csv,2019-11-01,11,2019,Friday,Winter,False
21.52,67.23,18.57,15.67,40.76,AQR-Nov2019.csv,2019-11-02,11,2019,Saturday,Winter,True
20.76,68.01,17.98,14.76,37.85,AQR-Nov2019.csv,2019-11-03,11,2019,Sunday,Winter,True
22.33,68.57,20.99,12.21,36.09,AQR-Nov2019.csv,2019-11-04,11,2019,Monday,Winter,False
19.6,73.39,24.84,17.63,43.87,AQR-Nov2019.csv,2019-11-05,11,2019,Tuesday,Winter,False
17.86,76.64,27.01,18.97,32.95,AQR-Nov2019.csv,2019-11-06,11,2019,Wednesday,Winter,False
15.67,79.33,20.92,14.99,38.68,AQR-Nov2019.csv,2019-11-07,11,2019,Thursday,Winter,False
19.03,73.0,16.58,17.61,34.53,AQR-Nov2019.csv,2019-11-08,11,2019,Friday,Winter,False
21.03,67.33,20.26,20.06,44.83,AQR-Nov2019.csv,2019-11-09,11,2019,Saturday,Winter,True
21.17,65.33,21.06,17.53,46.66,AQR-Nov2019.csv,2019-11-10,11,2019,Sunday,Winter,True
19.57,64.33,21.39,17.97,44.11,AQR-Nov2019.csv,2019-11-11,11,2019,Monday,Winter,False
16.63,69.0,31.49,22.54,90.05,AQR-Nov2019.csv,2019-11-12,11,2019,Tuesday,Winter,False
16.57,70.0,31.25,24.44,51.72,AQR-Nov2019.csv,2019-11-13,11,2019,Wednesday,Winter,False
17.02,69.0,30.97,23.75,43.78,AQR-Nov2019.csv,2019-11-14,11,2019,Thursday,Winter,False
17.83,66.0,21.67,18.42,36.4,AQR-Nov2019.csv,2019-11-15,11,2019,Friday,Winter,False
16.53,61.0,16.54,21.13,37.99,AQR-Nov2019.csv,2019-11-16,11,2019,Saturday,Winter,True
19.57,64.0,9.71,19.02,37.62,AQR-Nov2019.csv,2019-11-17,11,2019,Sunday,Winter,True
19.8,61.33,16.17,18.44,40.57,AQR-Nov2019.csv,2019-11-18,11,2019,Monday,Winter,False
18.07,64.0,25.56,22.94,77.66,AQR-Nov2019.csv,2019-11-19,11,2019,Tuesday,Winter,False
16.2,67.0,33.83,24.73,95.69,AQR-Nov2019.csv,2019-11-20,11,2019,Wednesday,Winter,False
14.33,72.0,30.98,28.03,48.0,AQR-Nov2019.csv,2019-11-21,11,2019,Thursday,Winter,False
15.21,70.32,20.76,18.43,50.75,AQR-Nov2019.csv,2019-11-22,11,2019,Friday,Winter,False
16.1,68.31,30.54,21.56,53.67,AQR-Nov2019.csv,2019-11-23,11,2019,Saturday,Winter,True
17.2,66.33,21.8,22.29,42.92,AQR-Nov2019.csv,2019-11-24,11,2019,Sunday,Winter,True
17.57,63.0,23.57,21.42,59.76,AQR-Nov2019.csv,2019-11-25,11,2019,Monday,Winter,False
16.6,70.0,19.09,22.76,68.56,AQR-Nov2019.csv,2019-11-26,11,2019,Tuesday,Winter,False
14.47,73.0,21.65,25.15,65.15,AQR-Nov2019.csv,2019-11-27,11,2019,Wednesday,Winter,False
14.2,75.67,23.33,25.19,46.12,AQR-Nov2019.csv,2019-11-28,11,2019,Thursday,Winter,False
14.76,70.67,20.45,20.45,50.62,AQR-Nov2019.csv,2019-11-29,11,2019,Friday,Winter,False
15.21,69.8,21.67,22.89,53.54,AQR-Nov2019.csv,2019-11-30,11,2019,Saturday,Winter,True
16.21,65.23,31.25,25.48,62.54,AQR-Dec2019.csv,2019-12-01,12,2019,Sunday,Winter,True
16.77,68.33,33.77,27.13,65.67,AQR-Dec2019.csv,2019-12-02,12,2019,Monday,Winter,False
16.33,71.67,41.17,31.1,53.79,AQR-Dec2019.csv,2019-12-03,12,2019,Tuesday,Winter,False
16.9,68.33,48.02,30.28,64.47,AQR-Dec2019.csv,2019-12-04,12,2019,Wednesday,Winter,False
15.93,70.33,45.92,29.65,65.28,AQR-Dec2019.csv,2019-12-05,12,2019,Thursday,Winter,False
15.62,71.25,48.25,30.27,66.79,AQR-Dec2019.csv,2019-12-06,12,2019,Friday,Winter,False
16.25,60.27,44.56,27.84,68.21,AQR-Dec2019.csv,2019-12-07,12,2019,Saturday,Winter,True
16.67,68.0,33.16,24.12,65.01,AQR-Dec2019.csv,2019-12-08,12,2019,Sunday,Winter,True
14.63,73.67,60.64,36.3,121.97,AQR-Dec2019.csv,2019-12-09,12,2019,Monday,Winter,False
14.93,71.67,52.19,31.96,72.66,AQR-Dec2019.csv,2019-12-10,12,2019,Tuesday,Winter,False
12.25,75.45,50.12,35.42,68.42,AQR-Dec2019.csv,2019-12-11,12,2019,Wednesday,Winter,False
10.5,77.33,44.09,40.54,50.93,AQR-Dec2019.csv,2019-12-12,12,2019,Thursday,Winter,False
11.42,75.25,42.25,38.54,52.13,AQR-Dec2019.csv,2019-12-13,12,2019,Friday,Winter,False
11.98,77.78,45.21,45.21,49.56,AQR-Dec2019.csv,2019-12-14,12,2019,Saturday,Winter,True
12.87,74.67,19.52,39.44,44.97,AQR-Dec2019.csv,2019-12-15,12,2019,Sunday,Winter,True
14.93,72.0,29.7,36.93,53.81,AQR-Dec2019.csv,2019-12-16,12,2019,Monday,Winter,False
14.97,73.67,35.24,39.81,54.0,AQR-Dec2019.csv,2019-12-17,12,2019,Tuesday,Winter,False
16.21,68.0,60.64,24.12,72.66,AQR-Dec2019.csv,2019-12-18,12,2019,Wednesday,Winter,False
16.77,73.67,52.19,36.3,68.42,AQR-Dec2019.csv,2019-12-19,12,2019,Thursday,Winter,False
12.25,71.67,41.17,31.96,50.93,AQR-Dec2019.csv,2019-12-20,12,2019,Friday,Winter,False
10.5,68.33,48.02,35.42,52.13,AQR-Dec2019.csv,2019-12-21,12,2019,Saturday,Winter,True
14.97,72.67,30.83,40.54,49.56,AQR-Dec2019.csv,2019-12-22,12,2019,Sunday,Winter,True
10.5,77.33,60.64,36.3,68.42,AQR-Dec2019.csv,2019-12-23,12,2019,Monday,Winter,False
11.42,75.25,52.19,31.96,50.93,AQR-Dec2019.csv,2019-12-24,12,2019,Tuesday,Winter,False
11.6,77.67,44.21,51.77,71.35,AQR-Dec2019.csv,2019-12-25,12,2019,Wednesday,Winter,False
10.6,75.52,45.21,48.21,65.54,AQR-Dec2019.csv,2019-12-26,12,2019,Thursday,Winter,False
10.52,78.25,50.21,44.62,62.12,AQR-Dec2019.csv,2019-12-27,12,2019,Friday,Winter,False
9.98,77.12,54.12,40.12,60.18,AQR-Dec2019.csv,2019-12-28,12,2019,Saturday,Winter,True
9.33,81.0,28.0,67.73,66.48,AQR-Dec2019.csv,2019-12-29,12,2019,Sunday,Winter,True
10.23,77.33,26.89,53.17,64.53,AQR-Dec2019.csv,2019-12-30,12,2019,Monday,Winter,False
10.32,77.25,35.45,50.85,60.45,AQR-Dec2019.csv,2019-12-31,12,2019,Tuesday,Winter,False
7.6,68.52,33.63,42.93,38.17,AQRJanuary2020.csv,2020-01-01,1,2020,Wednesday,Winter,False
7.52,72.25,35.64,45.34,49.6,AQRJanuary2020.csv,2020-01-02,1,2020,Thursday,Winter,False
6.5,74.12,34.42,44.4,44.93,AQRJanuary2020.csv,2020-01-03,1,2020,Friday,Winter,False
7.01,65.1,31.2,37.6,51.35,AQRJanuary2020.csv,2020-01-04,1,2020,Saturday,Winter,True
6.58,68.4,30.5,48.6,65.4,AQRJanuary2020.csv,2020-01-05,1,2020,Sunday,Winter,True
6.2,70.3,24.21,31.4,32.12,AQRJanuary2020.csv,2020-01-06,1,2020,Monday,Winter,False
6.88,74.2,29.6,32.6,44.3,AQRJanuary2020.csv,2020-01-07,1,2020,Tuesday,Winter,False
6.53,79.0,33.63,78.88,50.36,AQRJanuary2020.csv,2020-01-08,1,2020,Wednesday,Winter,False
6.54,70.0,34.8,66.03,40.72,AQRJanuary2020.csv,2020-01-09,1,2020,Thursday,Winter,False
6.37,68.2,33.27,70.09,38.9,AQRJanuary2020.csv,2020-01-10,1,2020,Friday,Winter,False
6.3,51.3,34.63,60.3,45.7,AQRJanuary2020.csv,2020-01-11,1,2020,Saturday,Winter,True
5.61,47.2,30.4,44.1,27.3,AQRJanuary2020.csv,2020-01-12,1,2020,Sunday,Winter,True
5.44,50.36,30.2,35.21,22.6,AQRJanuary2020.csv,2020-01-13,1,2020,Monday,Winter,False
5.42,54.8,32.71,33.8,30.4,AQRJanuary2020.csv,2020-01-14,1,2020,Tuesday,Winter,False
5.66,57.3,35.4,41.6,33.75,AQRJanuary2020.csv,2020-01-15,1,2020,Wednesday,Winter,False
6.31,64.2,34.2,48.3,34.2,AQRJanuary2020.csv,2020-01-16,1,2020,Thursday,Winter,False
6.21,68.3,33.5,44.6,46.8,AQRJanuary2020.csv,2020-01-17,1,2020,Friday,Winter,False
6.5,74.3,32.6,45.8,42.3,AQRJanuary2020.csv,2020-01-18,1,2020,Saturday,Winter,True
6.58,78.6,30.82,52.4,48.2,AQRJanuary2020.csv,2020-01-19,1,2020,Sunday,Winter,True
7.07,81.33,31.63,67.75,59.8,AQRJanuary2020.csv,2020-01-20,1,2020,Monday,Winter,False
8.63,51.0,31.64,66.03,38.63,AQRJanuary2020.csv,2020-01-21,1,2020,Tuesday,Winter,False
10.4,49.33,31.42,65.09,34.7,AQRJanuary2020.csv,2020-01-22,1,2020,Wednesday,Winter,False
7.7,45.7,34.71,62.93,48.16,AQRJanuary2020.csv,2020-01-23,1,2020,Thursday,Winter,False
6.86,52.8,34.5,55.34,41.27,AQRJanuary2020.csv,2020-01-24,1,2020,Friday,Winter,False
6.83,64.3,19.21,34.4,18.08,AQRJanuary2020.csv,2020-01-25,1,2020,Saturday,Winter,True
6.9,70.3,22.3,37.6,85.54,AQRJanuary2020.csv,2020-01-26,1,2020,Sunday,Winter,True
6.97,83.6,24.06,44.1,62.24,AQRJanuary2020.csv,2020-01-27,1,2020,Monday,Winter,False
7.1,97.0,25.32,47.32,31.63,AQRJanuary2020.csv,2020-01-28,1,2020,Tuesday,Winter,False
11.7,64.0,21.16,37.01,40.26,AQRJanuary2020.csv,2020-01-29,1,2020,Wednesday,Winter,False
12.6,49.66,23.16,42.2,53.02,AQRJanuary2020.csv,2020-01-30,1,2020,Thursday,Winter,False
13.76,54.4,22.23,32.57,64.66,AQRJanuary2020.csv,2020-01-31,1,2020,Friday,Winter,False
13.45,33.4,27.36,35.6,58.0,AQRFebruary2020.csv,2020-02-01,2,2020,Saturday,Winter,True
13.7,32.3,26.03,34.21,65.73,AQRFebruary2020.csv,2020-02-02,2,2020,Sunday,Winter,True
13.43,50.33,27.58,33.9,79.36,AQRFebruary2020.csv,2020-02-03,2,2020,Monday,Winter,False
13.51,46.1,26.3,32.7,77.0,AQRFebruary2020.csv,2020-02-04,2,2020,Tuesday,Winter,False
13.8,41.33,23.51,31.13,65.06,AQRFebruary2020.csv,2020-02-05,2,2020,Wednesday,Winter,False
12.87,54.33,25.05,29.67,48.4,AQRFebruary2020.csv,2020-02-06,2,2020,Thursday,Winter,False
13.2,56.2,24.6,35.6,79.0,AQRFebruary2020.csv,2020-02-07,2,2020,Friday,Winter,False
13.71,55.8,25.2,31.9,82.0,AQRFebruary2020.csv,2020-02-08,2,2020,Saturday,Winter,True
14.43,57.66,23.66,32.35,75.87,AQRFebruary2020.csv,2020-02-09,2,2020,Sunday,Winter,True
15.06,46.33,28.92,44.25,103.04,AQRFebruary2020.csv,2020-02-10,2,2020,Monday,Winter,False
14.56,59.0,30.0,44.21,92.23,AQRFebruary2020.csv,2020-02-11,2,2020,Tuesday,Winter,False
14.0,65.0,23.93,32.49,87.91,AQRFebruary2020.csv,2020-02-12,2,2020,Wednesday,Winter,False
14.6,71.4,21.53,29.21,66.66,AQRFebruary2020.csv,2020-02-13,2,2020,Thursday,Winter,False
15.33,73.7,18.72,25.94,29.65,AQRFebruary2020.csv,2020-02-14,2,2020,Friday,Winter,False
17.33,46.66,20.23,23.53,26.96,AQRFebruary2020.csv,2020-02-15,2,2020,Saturday,Winter,True
16.7,43.0,21.4,25.0,21.16,AQRFebruary2020.csv,2020-02-16,2,2020,Sunday,Winter,True
17.33,32.0,23.96,27.93,33.41,AQRFebruary2020.csv,2020-02-17,2,2020,Monday,Winter,False
17.7,22.33,24.13,30.06,72.0,AQRFebruary2020.csv,2020-02-18,2,2020,Tuesday,Winter,False
19.66,72.33,25.26,23.8,38.5,AQRFebruary2020.csv,2020-02-19,2,2020,Wednesday,Winter,False
17.33,92.66,23.86,23.06,21.25,AQRFebruary2020.csv,2020-02-20,2,2020,Thursday,Winter,False
17.81,81.2,32.8,28.4,73.0,AQRFebruary2020.csv,2020-02-21,2,2020,Friday,Winter,False
18.8,74.6,29.51,24.3,32.0,AQRFebruary2020.csv,2020-02-22,2,2020,Saturday,Winter,True
20.66,68.33,26.46,30.2,40.43,AQRFebruary2020.csv,2020-02-23,2,2020,Sunday,Winter,True
20.0,66.33,28.3,30.5,39.33,AQRFebruary2020.csv,2020-02-24,2,2020,Monday,Winter,False
20.33,47.33,28.43,30.83,48.1,AQRFebruary2020.csv,2020-02-25,2,2020,Tuesday,Winter,False
20.7,42.0,30.93,33.66,56.7,AQRFebruary2020.csv,2020-02-26,2,2020,Wednesday,Winter,False
20.33,71.0,30.7,33.66,55.33,AQRFebruary2020.csv,2020-02-27,2,2020,Thursday,Winter,False
20.58,73.13,24.6,30.73,47.0,AQRFebruary2020.csv,2020-02-28,2,2020,Friday,Winter,False
20.7,64.4,22.82,27.34,26.0,AQRFebruary2020.csv,2020-02-29,2,2020,Saturday,Winter,True
18.0,83.7,20.03,21.24,28.7,AQRMarch2020.csv,2020-03-01,3,2020,Sunday,Summer,True
19.7,55.33,18.4,19.53,29.7,AQRMarch2020.csv,2020-03-02,3,2020,Monday,Summer,False
19.33,55.33,20.4,23.6,47.07,AQRMarch2020.csv,2020-03-03,3,2020,Tuesday,Summer,False
17.7,97.7,20.66,22.1,34.66,AQRMarch2020.csv,2020-03-04,3,2020,Wednesday,Summer,False
16.5,92.2,20.31,23.4,27.2,AQRMarch2020.csv,2020-03-05,3,2020,Thursday,Summer,False
16.33,94.0,20.44,24.43,25.0,AQRMarch2020.csv,2020-03-06,3,2020,Friday,Summer,False
16.2,90.2,20.8,24.6,20.3,AQRMarch2020.csv,2020-03-07,3,2020,Saturday,Summer,True
16.0,88.7,22.51,26.06,21.54,AQRMarch2020.csv,2020-03-08,3,2020,Sunday,Summer,True
17.33,56.4,23.6,26.8,28.4,AQRMarch2020.csv,2020-03-09,3,2020,Monday,Summer,False
17.66,45.33,25.08,27.15,53.46,AQRMarch2020.csv,2020-03-10,3,2020,Tuesday,Summer,False
15.66,88.7,21.52,24.86,25.75,AQRMarch2020.csv,2020-03-11,3,2020,Wednesday,Summer,False
14.7,97.33,19.83,23.33,17.83,AQRMarch2020.csv,2020-03-12,3,2020,Thursday,Summer,False
16.0,63.7,19.1,22.73,24.1,AQRMarch2020.csv,2020-03-13,3,2020,Friday,Summer,False
17.33,61.7,19.4,23.4,31.2,AQRMarch2020.csv,2020-03-14,3,2020,Saturday,Summer,True
18.7,63.33,19.7,23.6,33.33,AQRMarch2020.csv,2020-03-15,3,2020,Sunday,Summer,True
16.0,56.66,18.54,23.2,35.0,AQRMarch2020.csv,2020-03-16,3,2020,Monday,Summer,False
16.7,53.0,16.9,23.96,34.05,AQRMarch2020.csv,2020-03-17,3,2020,Tuesday,Summer,False
17.33,52.33,19.3,26.23,41.31,AQRMarch2020.csv,2020-03-18,3,2020,Wednesday,Summer,False
17.66,47.0,18.04,23.8,32.46,AQRMarch2020.csv,2020-03-19,3,2020,Thursday,Summer,False
18.33,42.33,16.96,19.43,19.74,AQRMarch2020.csv,2020-03-20,3,2020,Friday,Summer,False
17.2,54.8,16.8,19.31,20.4,AQRMarch2020.csv,2020-03-21,3,2020,Saturday,Summer,True
20.66,45.0,10.06,12.82,21.33,AQRApril2020.csv,2020-03-22,3,2020,Sunday,Summer,True
16.6,83.6,16.5,19.21,17.8,AQRMarch2020.csv,2020-03-23,3,2020,Monday,Summer,False
16.33,94.66,16.1,19.5,16.67,AQRMarch2020.csv,2020-03-24,3,2020,Tuesday,Summer,False
17.33,87.7,15.36,18.86,21.8,AQRMarch2020.csv,2020-03-25,3,2020,Wednesday,Summer,False
17.7,59.0,14.26,14.93,18.97,AQRMarch2020.csv,2020-03-26,3,2020,Thursday,Summer,False
17.7,96.0,12.93,13.3,16.17,AQRMarch2020.csv,2020-03-27,3,2020,Friday,Summer,False
17.33,88.0,11.8,14.4,10.9,AQRMarch2020.csv,2020-03-28,3,2020,Saturday,Summer,True
17.13,75.3,12.6,15.2,13.6,AQRMarch2020.csv,2020-03-29,3,2020,Sunday,Summer,True
16.8,68.1,10.6,13.6,14.4,AQRMarch2020.csv,2020-03-30,3,2020,Monday,Summer,False
17.66,60.6,12.1,14.7,16.8,AQRMarch2020.csv,2020-03-31,3,2020,Tuesday,Summer,False
18.3,88.0,8.14,11.63,9.63,AQRApril2020.csv,2020-04-01,4,2020,Wednesday,Summer,False
18.8,46.0,8.47,11.24,12.6,AQRApril2020.csv,2020-04-02,4,2020,Thursday,Summer,False
19.0,87.0,9.24,12.6,11.43,AQRApril2020.csv,2020-04-03,4,2020,Friday,Summer,False
18.0,52.0,10.3,12.47,11.61,AQRApril2020.csv,2020-04-04,4,2020,Saturday,Summer,True
18.8,87.0,9.87,12.35,12.46,AQRApril2020.csv,2020-04-05,4,2020,Sunday,Summer,True
19.0,37.0,8.93,14.6,14.63,AQRApril2020.csv,2020-04-06,4,2020,Monday,Summer,False
20.0,43.0,10.3,13.8,12.4,AQRApril2020.csv,2020-04-07,4,2020,Tuesday,Summer,False
21.0,45.0,10.5,13.93,21.3,AQRApril2020.csv,2020-04-08,4,2020,Wednesday,Summer,False
18.33,54.33,11.4,14.06,19.54,AQRApril2020.csv,2020-04-09,4,2020,Thursday,Summer,False
18.8,50.33,9.61,13.4,18.63,AQRApril2020.csv,2020-04-10,4,2020,Friday,Summer,False
18.3,42.6,9.45,13.16,15.34,AQRApril2020.csv,2020-04-11,4,2020,Saturday,Summer,True
19.7,38.33,10.23,12.86,24.04,AQRApril2020.csv,2020-04-12,4,2020,Sunday,Summer,True
19.66,53.6,10.6,13.66,16.34,AQRApril2020.csv,2020-04-13,4,2020,Monday,Summer,False
18.66,55.3,10.42,14.13,14.79,AQRApril2020.csv,2020-04-14,4,2020,Tuesday,Summer,False
19.33,62.3,9.88,13.72,13.75,AQRApril2020.csv,2020-04-15,4,2020,Wednesday,Summer,False
19.11,78.1,9.53,14.37,14.62,AQRApril2020.csv,2020-04-16,4,2020,Thursday,Summer,False
19.0,97.33,9.26,11.4,15.45,AQRApril2020.csv,2020-04-17,4,2020,Friday,Summer,False
19.33,63.0,8.92,10.06,12.84,AQRApril2020.csv,2020-04-18,4,2020,Saturday,Summer,True
20.0,46.7,8.46,10.11,13.52,AQRApril2020.csv,2020-04-19,4,2020,Sunday,Summer,True
19.33,53.7,9.93,12.83,18.47,AQRApril2020.csv,2020-04-20,4,2020,Monday,Summer,False
20.33,49.6,10.18,13.6,19.11,AQRApril2020.csv,2020-04-21,4,2020,Tuesday,Summer,False
19.66,50.0,11.34,13.68,20.6,AQRApril2020.csv,2020-04-23,4,2020,Thursday,Summer,False
20.11,48.0,10.66,14.71,19.22,AQRApril2020.csv,2020-04-24,4,2020,Friday,Summer,False
20.33,100.0,10.78,15.23,18.6,AQRApril2020.csv,2020-04-25,4,2020,Saturday,Summer,True
19.66,67.33,9.4,11.63,23.89,AQRApril2020.csv,2020-04-26,4,2020,Sunday,Summer,True
20.33,88.7,9.36,12.84,20.9,AQRApril2020.csv,2020-04-27,4,2020,Monday,Summer,False
20.33,55.33,13.34,15.46,30.69,AQRApril2020.csv,2020-04-28,4,2020,Tuesday,Summer,False
20.4,44.0,12.83,15.81,26.32,AQRApril2020.csv,2020-04-29,4,2020,Wednesday,Summer,False
20.66,38.0,12.61,16.56,26.06,AQRApril2020.csv,2020-04-30,4,2020,Thursday,Summer,False
23.0,37.0,8.73,11.72,27.62,AQRMay2020.csv,2020-05-01,5,2020,Friday,Summer,False
23.3,30.0,7.4,11.63,24.3,AQRMay2020.csv,2020-05-02,5,2020,Saturday,Summer,True
22.5,28.0,8.24,11.81,22.3,AQRMay2020.csv,2020-05-03,5,2020,Sunday,Summer,True
24.5,54.3,10.3,15.7,18.3,AQRMay2020.csv,2020-05-04,5,2020,Monday,Summer,False
22.5,44.0,12.6,14.9,16.4,AQRMay2020.csv,2020-05-05,5,2020,Tuesday,Summer,False
25.0,33.0,13.74,14.78,11.47,AQRMay2020.csv,2020-05-06,5,2020,Wednesday,Summer,False
26.5,27.0,14.31,16.2,11.52,AQRMay2020.csv,2020-05-07,5,2020,Thursday,Summer,False
27.5,43.7,11.34,14.56,19.43,AQRMay2020.csv,2020-05-08,5,2020,Friday,Summer,False
25.0,48.0,10.92,13.7,20.03,AQRMay2020.csv,2020-05-09,5,2020,Saturday,Summer,True
27.5,55.6,11.86,13.51,20.85,AQRMay2020.csv,2020-05-10,5,2020,Sunday,Summer,True
22.33,76.3,11.53,12.86,20.13,AQRMay2020.csv,2020-05-11,5,2020,Monday,Summer,False
23.0,78.0,11.83,14.7,22.27,AQRMay2020.csv,2020-05-12,5,2020,Tuesday,Summer,False
28.5,53.0,12.6,16.3,11.47,AQRMay2020.csv,2020-05-13,5,2020,Wednesday,Summer,False
22.5,40.0,13.11,17.6,22.6,AQRMay2020.csv,2020-05-14,5,2020,Thursday,Summer,False
23.0,38.0,13.22,17.2,13.5,AQRMay2020.csv,2020-05-15,5,2020,Friday,Summer,False
28.0,31.0,14.3,15.37,16.2,AQRMay2020.csv,2020-05-16,5,2020,Saturday,Summer,True
22.5,45.0,14.6,14.3,15.45,AQRMay2020.csv,2020-05-17,5,2020,Sunday,Summer,True
26.3,40.0,15.8,10.06,16.37,AQRMay2020.csv,2020-05-18,5,2020,Monday,Summer,False
24.33,59.0,16.28,18.89,29.35,AQRMay2020.csv,2020-05-19,5,2020,Tuesday,Summer,False
26.5,53.7,9.93,12.83,28.57,AQRMay2020.csv,2020-05-20,5,2020,Wednesday,Summer,False
28.5,49.6,10.18,13.6,27.36,AQRMay2020.csv,2020-05-21,5,2020,Thursday,Summer,False
29.5,78.0,10.88,13.68,21.8,AQRMay2020.csv,2020-05-23,5,2020,Saturday,Summer,True
29.0,66.0,11.73,14.71,29.64,AQRMay2020.csv,2020-05-24,5,2020,Sunday,Summer,True
31.5,50.0,10.51,23.6,23.8,AQRMay2020.csv,2020-05-25,5,2020,Monday,Summer,False
32.1,39.0,11.9,16.8,18.43,AQRMay2020.csv,2020-05-26,5,2020,Tuesday,Summer,False
32.0,44.0,13.6,18.1,20.11,AQRMay2020.csv,2020-05-27,5,2020,Wednesday,Summer,False
31.5,58.33,13.34,17.54,18.45,AQRMay2020.csv,2020-05-28,5,2020,Thursday,Summer,False
29.5,63.0,12.83,15.81,26.32,AQRMay2020.csv,2020-05-29,5,2020,Friday,Summer,False
28.6,48.0,12.61,16.6,17.8,AQRMay2020.csv,2020-05-30,5,2020,Saturday,Summer,True
29.5,45.0,14.4,17.33,16.23,AQRMay2020.csv,2020-05-31,5,2020,Sunday,Summer,True
29.0,37.0,8.73,11.72,23.62,AQRJune2020.csv,2020-06-01,6,2020,Monday,Summer,False
31.3,30.0,7.4,11.63,20.8,AQRJune2020.csv,2020-06-02,6,2020,Tuesday,Summer,False
29.5,28.0,8.24,11.81,22.3,AQRJune2020.csv,2020-06-03,6,2020,Wednesday,Summer,False
30.33,54.3,10.3,15.7,18.3,AQRJune2020.csv,2020-06-04,6,2020,Thursday,Summer,False
33.3,44.0,12.6,14.9,16.4,AQRJune2020.csv,2020-06-05,6,2020,Friday,Summer,False
31.5,33.0,13.74,14.78,13.2,AQRJune2020.csv,2020-06-06,6,2020,Saturday,Summer,True
33.4,27.0,14.31,16.2,12.61,AQRJune2020.csv,2020-06-07,6,2020,Sunday,Summer,True
31.5,43.7,11.34,14.56,17.5,AQRJune2020.csv,2020-06-08,6,2020,Monday,Summer,False
25.0,48.0,10.92,13.7,18.3,AQRJune2020.csv,2020-06-09,6,2020,Tuesday,Summer,False
27.5,55.6,11.86,13.51,18.8,AQRJune2020.csv,2020-06-10,6,2020,Wednesday,Summer,False
31.0,76.3,11.53,12.86,20.13,AQRJune2020.csv,2020-06-11,6,2020,Thursday,Summer,False
30.6,78.0,11.83,14.7,16.3,AQRJune2020.csv,2020-06-12,6,2020,Friday,Summer,False
32.5,53.0,12.6,16.3,15.41,AQRJune2020.csv,2020-06-13,6,2020,Saturday,Summer,True
31.8,40.0,13.11,17.6,13.66,AQRJune2020.csv,2020-06-14,6,2020,Sunday,Summer,True
31.33,38.0,13.22,17.2,18.6,AQRJune2020.csv,2020-06-15,6,2020,Monday,Summer,False
30.0,15.0,16.0,22.23,21.3,AQRJune2020.csv,2020-06-16,6,2020,Tuesday,Summer,False
30.33,15.7,16.53,22.82,21.45,AQRJune2020.csv,2020-06-17,6,2020,Wednesday,Summer,False
30.66,40.0,15.8,10.06,20.13,AQRJune2020.csv,2020-06-18,6,2020,Thursday,Summer,False
32.4,59.0,16.28,18.89,18.22,AQRJune2020.csv,2020-06-19,6,2020,Friday,Summer,False
34.0,53.7,9.93,12.83,19.8,AQRJune2020.csv,2020-06-20,6,2020,Saturday,Summer,True
31.33,49.6,10.18,13.6,27.3,AQRJune2020.csv,2020-06-21,6,2020,Sunday,Summer,True
32.5,35.0,11.6,12.82,33.8,AQRJune2020.csv,2020-06-22,6,2020,Monday,Summer,False
32.0,47.66,15.4,21.09,22.74,AQRJune2020.csv,2020-06-23,6,2020,Tuesday,Summer,False
33.5,50.0,10.3,14.5,20.6,AQRJune2020.csv,2020-06-24,6,2020,Wednesday,Summer,False
32.8,58.0,14.7,15.3,20.38,AQRJune2020.csv,2020-06-25,6,2020,Thursday,Summer,False
33.0,56.0,13.8,16.5,21.46,AQRJune2020.csv,2020-06-26,6,2020,Friday,Summer,False
32.0,78.0,14.31,16.2,15.8,AQRJune2020.csv,2020-06-27,6,2020,Saturday,Summer,True
31.0,83.0,11.88,15.11,15.4,AQRJune2020.csv,2020-06-28,6,2020,Sunday,Summer,True
33.3,53.0,13.1,14.6,19.3,AQRJune2020.csv,2020-06-29,6,2020,Monday,Summer,False
32.7,38.0,14.2,14.87,22.86,AQRJune2020.csv,2020-06-30,6,2020,Tuesday,Summer,False
30.3,35.0,15.73,14.2,21.3,AQRJuly2020.csv,2020-07-01,7,2020,Wednesday,Summer,False
32.7,31.7,17.1,20.07,27.13,AQRJuly2020.csv,2020-07-02,7,2020,Thursday,Summer,False
33.0,56.0,16.8,13.1,20.4,AQRJuly2020.csv,2020-07-03,7,2020,Friday,Summer,False
31.33,88.0,14.66,15.7,15.3,AQRJuly2020.csv,2020-07-04,7,2020,Saturday,Summer,True
33.3,65.0,15.8,14.4,16.22,AQRJuly2020.csv,2020-07-05,7,2020,Sunday,Summer,True
33.5,55.0,16.43,19.77,22.6,AQRJuly2020.csv,2020-07-06,7,2020,Monday,Summer,False
34.5,51.0,18.6,24.8,27.8,AQRJuly2020.csv,2020-07-07,7,2020,Tuesday,Summer,False
34.0,49.0,16.8,22.35,33.76,AQRJuly2020.csv,2020-07-08,7,2020,Wednesday,Summer,False
34.33,44.33,23.64,20.04,34.6,AQRJuly2020.csv,2020-07-09,7,2020,Thursday,Summer,False
32.33,45.0,20.5,22.7,23.7,AQRJuly2020.csv,2020-07-10,7,2020,Friday,Summer,False
31.0,88.0,19.88,23.8,22.4,AQRJuly2020.csv,2020-07-11,7,2020,Saturday,Summer,True
31.33,69.0,16.73,19.6,16.3,AQRJuly2020.csv,2020-07-12,7,2020,Sunday,Summer,True
33.7,36.33,13.44,15.5,16.4,AQRJuly2020.csv,2020-07-13,7,2020,Monday,Summer,False
33.0,48.0,18.6,21.44,18.6,AQRJuly2020.csv,2020-07-14,7,2020,Tuesday,Summer,False
31.27,66.7,13.88,17.21,24.25,AQRJuly2020.csv,2020-07-15,7,2020,Wednesday,Summer,False
33.66,62.33,13.5,16.7,26.7,AQRJuly2020.csv,2020-07-16,7,2020,Thursday,Summer,False
30.0,80.0,20.6,28.9,33.8,AQRJuly2020.csv,2020-07-17,7,2020,Friday,Summer,False
31.0,56.0,27.5,39.4,40.88,AQRJuly2020.csv,2020-07-18,7,2020,Saturday,Summer,True
32.0,69.0,21.33,37.8,32.0,AQRJuly2020.csv,2020-07-19,7,2020,Sunday,Summer,True
33.3,42.0,20.7,35.88,31.6,AQRJuly2020.csv,2020-07-20,7,2020,Monday,Summer,False
34.0,39.0,21.43,34.74,30.9,AQRJuly2020.csv,2020-07-21,7,2020,Tuesday,Summer,False
33.6,45.0,22.1,33.6,28.4,AQRJuly2020.csv,2020-07-22,7,2020,Wednesday,Summer,False
31.3,48.0,19.6,33.31,27.6,AQRJuly2020.csv,2020-07-23,7,2020,Thursday,Summer,False
32.2,52.0,24.66,35.2,36.7,AQRJuly2020.csv,2020-07-24,7,2020,Friday,Summer,False
30.3,86.0,22.8,31.6,30.8,AQRJuly2020.csv,2020-07-25,7,2020,Saturday,Summer,True
32.7,78.71,16.24,20.1,26.96,AQRJuly2020.csv,2020-07-26,7,2020,Sunday,Summer,True
33.3,66.7,17.93,25.86,34.96,AQRJuly2020.csv,2020-07-27,7,2020,Monday,Summer,False
33.3,70.33,19.43,26.2,31.4,AQRJuly2020.csv,2020-07-28,7,2020,Tuesday,Summer,False
32.0,68.0,16.93,21.83,28.9,AQRJuly2020.csv,2020-07-29,7,2020,Wednesday,Summer,False
32.7,73.0,19.2,26.44,30.7,AQRJuly2020.csv,2020-07-30,7,2020,Thursday,Summer,False
34.0,66.0,18.7,25.88,28.6,AQRJuly2020.csv,2020-07-31,7,2020,Friday,Summer,False
33.0,65.0,17.93,24.83,25.6,AQRAugust2020.csv,2020-08-01,8,2020,Saturday,Summer,True
33.7,62.0,20.6,28.7,27.9,AQRAugust2020.csv,2020-08-02,8,2020,Sunday,Summer,True
34.0,58.0,18.7,29.6,28.33,AQRAugust2020.csv,2020-08-03,8,2020,Monday,Summer,False
33.0,48.0,17.6,28.77,26.8,AQRAugust2020.csv,2020-08-04,8,2020,Tuesday,Summer,False
34.0,50.0,19.6,30.6,29.3,AQRAugust2020.csv,2020-08-05,8,2020,Wednesday,Summer,False
35.0,51.0,18.9,25.8,20.6,AQRAugust2020.csv,2020-08-06,8,2020,Thursday,Summer,False
29.0,57.0,18.3,26.1,21.9,AQRAugust2020.csv,2020-08-07,8,2020,Friday,Summer,False
32.0,61.0,17.6,24.6,22.5,AQRAugust2020.csv,2020-08-08,8,2020,Saturday,Summer,True
31.0,65.0,17.5,26.4,21.3,AQRAugust2020.csv,2020-08-09,8,2020,Sunday,Summer,True
32.0,96.7,17.3,21.16,20.03,AQRAugust2020.csv,2020-08-10,8,2020,Monday,Summer,False
31.0,80.7,19.54,24.03,30.6,AQRAugust2020.csv,2020-08-11,8,2020,Tuesday,Summer,False
31.0,85.33,21.53,25.03,29.56,AQRAugust2020.csv,2020-08-12,8,2020,Wednesday,Summer,False
33.0,63.0,24.9,33.6,31.3,AQRAugust2020.csv,2020-08-13,8,2020,Thursday,Summer,False
35.0,59.0,26.4,36.7,32.6,AQRAugust2020.csv,2020-08-14,8,2020,Friday,Summer,False
34.0,43.0,20.6,27.3,40.8,AQRAugust2020.csv,2020-08-15,8,2020,Saturday,Summer,True
33.7,63.0,18.8,33.6,41.6,AQRAugust2020.csv,2020-08-16,8,2020,Sunday,Summer,True
35.0,70.0,21.6,24.9,23.4,AQRAugust2020.csv,2020-08-17,8,2020,Monday,Summer,False
34.0,82.0,20.1,25.1,20.6,AQRAugust2020.csv,2020-08-18,8,2020,Tuesday,Summer,False
35.0,70.0,21.6,24.5,19.2,AQRAugust2020.csv,2020-08-19,8,2020,Wednesday,Summer,False
34.0,82.0,18.2,23.21,17.66,AQRAugust2020.csv,2020-08-20,8,2020,Thursday,Summer,False
33.7,56.0,18.4,23.6,18.1,AQRAugust2020.csv,2020-08-21,8,2020,Friday,Summer,False
33.3,63.0,19.7,24.9,18.72,AQRAugust2020.csv,2020-08-22,8,2020,Saturday,Summer,True
34.0,59.33,15.3,18.27,17.52,AQRAugust2020.csv,2020-08-23,8,2020,Sunday,Summer,True
33.7,68.0,19.19,24.4,27.8,AQRAugust2020.csv,2020-08-24,8,2020,Monday,Summer,False
32.7,88.33,19.5,26.8,28.5,AQRAugust2020.csv,2020-08-25,8,2020,Tuesday,Summer,False
30.66,90.7,18.66,23.93,15.25,AQRAugust2020.csv,2020-08-26,8,2020,Wednesday,Summer,False
29.0,92.0,12.86,16.64,5.46,AQRAugust2020.csv,2020-08-27,8,2020,Thursday,Summer,False
33.0,88.0,17.3,22.4,12.6,AQRAugust2020.csv,2020-08-28,8,2020,Friday,Summer,False
31.0,86.0,16.8,20.6,11.7,AQRAugust2020.csv,2020-08-29,8,2020,Saturday,Summer,True
32.0,80.0,17.9,22.6,13.2,AQRAugust2020.csv,2020-08-30,8,2020,Sunday,Summer,True
33.0,70.0,18.6,24.6,14.91,AQRAugust2020.csv,2020-08-31,8,2020,Monday,Summer,False
30.83,62.67,5.9,9.23,20.67,AQR20september202022.csv,2020-09-01,9,2020,Tuesday,Summer,False
32.0,63.0,18.7,24.7,20.3,AQRseptember2020.csv,2020-09-02,9,2020,Wednesday,Summer,False
31.0,77.0,18.2,24.41,19.1,AQRseptember2020.csv,2020-09-03,9,2020,Thursday,Summer,False
32.0,83.0,18.5,27.4,18.6,AQRseptember2020.csv,2020-09-04,9,2020,Friday,Summer,False
31.0,75.0,19.7,28.66,19.4,AQRseptember2020.csv,2020-09-05,9,2020,Saturday,Summer,True
30.0,61.33,15.36,19.77,11.94,AQRseptember2020.csv,2020-09-06,9,2020,Sunday,Summer,True
29.37,66.67,6.6,8.23,21.1,AQR20september202022.csv,2020-09-07,9,2020,Monday,Summer,False
29.7,66.7,3.62,15.96,22.73,AQR20september202022.csv,2020-09-08,9,2020,Tuesday,Summer,False
29.0,73.0,3.73,16.4,21.0,AQR20september202022.csv,2020-09-09,9,2020,Wednesday,Summer,False
28.0,74.0,3.5,14.2,18.3,AQR20september202022.csv,2020-09-10,9,2020,Thursday,Summer,False
27.33,76.33,3.38,11.47,11.93,AQR20september202022.csv,2020-09-11,9,2020,Friday,Summer,False
27.7,74.0,3.42,12.36,18.2,AQR20september202022.csv,2020-09-12,9,2020,Saturday,Summer,True
28.0,66.7,3.36,13.43,22.06,AQR20september202022.csv,2020-09-13,9,2020,Sunday,Summer,True
28.7,66.33,3.62,13.16,21.98,AQR20september202022.csv,2020-09-14,9,2020,Monday,Summer,False
28.7,67.7,2.83,13.03,21.3,AQR20september202022.csv,2020-09-15,9,2020,Tuesday,Summer,False
34.0,59.0,27.1,32.7,34.2,AQRseptember2020.csv,2020-09-16,9,2020,Wednesday,Summer,False
27.0,76.0,2.75,11.4,15.8,AQR20september202022.csv,2020-09-17,9,2020,Thursday,Summer,False
27.7,57.33,3.23,12.03,18.93,AQR20september202022.csv,2020-09-18,9,2020,Friday,Summer,False
28.0,58.0,3.36,12.3,26.2,AQR20september202022.csv,2020-09-19,9,2020,Saturday,Summer,True
34.0,64.0,24.8,29.6,25.3,AQRseptember2020.csv,2020-09-20,9,2020,Sunday,Summer,True
34.3,44.0,25.71,31.6,29.4,AQRseptember2020.csv,2020-09-21,9,2020,Monday,Summer,False
34.0,44.0,27.53,33.2,32.8,AQRseptember2020.csv,2020-09-22,9,2020,Tuesday,Summer,False
33.0,48.0,22.3,25.8,18.7,AQRseptember2020.csv,2020-09-23,9,2020,Wednesday,Summer,False
30.0,44.33,19.73,24.3,19.35,AQRseptember2020.csv,2020-09-24,9,2020,Thursday,Summer,False
26.7,74.7,3.51,14.23,17.6,AQR20september202022.csv,2020-09-25,9,2020,Friday,Summer,False
31.3,44.0,15.3,21.4,14.5,AQRseptember2020.csv,2020-09-26,9,2020,Saturday,Summer,True
27.66,62.66,3.96,15.2,30.0,AQR20september202022.csv,2020-09-27,9,2020,Sunday,Summer,True
28.33,57.0,4.0,16.3,28.0,AQR20september202022.csv,2020-09-28,9,2020,Monday,Summer,False
28.0,51.7,3.62,16.65,28.0,AQR20september202022.csv,2020-09-29,9,2020,Tuesday,Summer,False
29.0,37.0,18.6,24.7,20.8,AQRseptember2020.csv,2020-09-30,9,2020,Wednesday,Summer,False
29.0,38.0,20.11,25.2,26.8,AQRoctober2020.csv,2020-10-01,10,2020,Thursday,Summer,False
29.3,29.0,23.2,28.4,31.43,AQRoctober2020.csv,2020-10-02,10,2020,Friday,Summer,False
29.0,30.0,21.7,25.2,27.5,AQRoctober2020.csv,2020-10-03,10,2020,Saturday,Summer,True
28.5,31.0,20.6,25.8,25.4,AQRoctober2020.csv,2020-10-04,10,2020,Sunday,Summer,True
28.0,34.0,21.11,25.4,26.9,AQRoctober2020.csv,2020-10-05,10,2020,Monday,Summer,False
28.5,21.0,18.6,22.3,18.78,AQRoctober2020.csv,2020-10-06,10,2020,Tuesday,Summer,False
29.0,24.0,17.1,18.8,16.5,AQRoctober2020.csv,2020-10-07,10,2020,Wednesday,Summer,False
28.0,26.0,18.9,23.2,22.6,AQRoctober2020.csv,2020-10-08,10,2020,Thursday,Summer,False
28.5,28.0,23.7,33.1,27.6,AQRoctober2020.csv,2020-10-09,10,2020,Friday,Summer,False
28.3,31.0,26.3,34.5,30.1,AQRoctober2020.csv,2020-10-10,10,2020,Saturday,Summer,True
28.1,32.0,19.54,32.4,29.7,AQRoctober2020.csv,2020-10-11,10,2020,Sunday,Summer,True
28.0,33.0,23.7,33.6,31.4,AQRoctober2020.csv,2020-10-12,10,2020,Monday,Summer,False
28.0,34.0,24.3,36.1,33.9,AQRoctober2020.csv,2020-10-13,10,2020,Tuesday,Summer,False
27.5,27.0,24.1,27.3,29.0,AQRoctober2020.csv,2020-10-14,10,2020,Wednesday,Summer,False
27.0,22.0,24.7,29.2,31.0,AQRoctober2020.csv,2020-10-15,10,2020,Thursday,Summer,False
27.0,23.0,23.5,28.1,27.4,AQRoctober2020.csv,2020-10-16,10,2020,Friday,Summer,False
27.0,21.0,26.4,32.5,33.1,AQRoctober2020.csv,2020-10-17,10,2020,Saturday,Summer,True
26.5,23.0,24.3,30.8,26.3,AQRoctober2020.csv,2020-10-18,10,2020,Sunday,Summer,True
26.0,25.0,26.4,32.9,34.9,AQRoctober2020.csv,2020-10-19,10,2020,Monday,Summer,False
26.0,30.0,23.8,28.6,29.4,AQRoctober2020.csv,2020-10-20,10,2020,Tuesday,Summer,False
25.0,32.0,25.71,32.4,42.0,AQRoctober2020.csv,2020-10-21,10,2020,Wednesday,Summer,False
24.0,33.0,38.3,49.6,59.3,AQRoctober2020.csv,2020-10-22,10,2020,Thursday,Summer,False
23.0,52.0,44.2,51.2,62.1,AQRoctober2020.csv,2020-10-23,10,2020,Friday,Summer,False
23.0,27.0,47.8,56.7,68.51,AQRoctober2020.csv,2020-10-24,10,2020,Saturday,Summer,True
22.5,28.0,28.9,32.8,35.8,AQRoctober2020.csv,2020-10-25,10,2020,Sunday,Summer,True
22.0,22.0,27.8,33.4,36.9,AQRoctober2020.csv,2020-10-26,10,2020,Monday,Summer,False
22.0,28.0,35.4,40.8,43.0,AQRoctober2020.csv,2020-10-27,10,2020,Tuesday,Summer,False
21.0,27.0,36.6,39.22,42.8,AQRoctober2020.csv,2020-10-28,10,2020,Wednesday,Summer,False
20.0,31.0,37.3,40.4,43.7,AQRoctober2020.csv,2020-10-29,10,2020,Thursday,Summer,False
21.0,32.0,33.8,35.3,32.4,AQRoctober2020.csv,2020-10-30,10,2020,Friday,Summer,False
23.0,57.0,15.7,20.3,16.7,AQR20November202022.csv,2020-11-01,11,2020,Sunday,Winter,True
23.0,59.0,16.8,22.8,18.6,AQR20November202022.csv,2020-11-02,11,2020,Monday,Winter,False
23.0,38.0,18.9,25.9,23.6,AQR20November202022.csv,2020-11-03,11,2020,Tuesday,Winter,False
23.7,60.0,20.3,26.8,33.0,AQR20November202022.csv,2020-11-04,11,2020,Wednesday,Winter,False
19.0,20.0,32.8,44.9,45.7,AQRNovember2020.csv,2020-11-05,11,2020,Thursday,Winter,False
18.3,28.0,33.2,41.8,44.8,AQRNovember2020.csv,2020-11-06,11,2020,Friday,Winter,False
18.5,32.0,33.8,43.2,45.8,AQRNovember2020.csv,2020-11-07,11,2020,Saturday,Winter,True
24.0,32.0,15.6,19.1,19.2,AQR20November202022.csv,2020-11-08,11,2020,Sunday,Winter,True
18.3,44.0,39.8,49.2,54.0,AQRNovember2020.csv,2020-11-09,11,2020,Monday,Winter,False
18.0,59.0,42.5,51.7,63.0,AQRNovember2020.csv,2020-11-10,11,2020,Tuesday,Winter,False
25.0,31.0,13.8,17.7,17.88,AQR20November202022.csv,2020-11-11,11,2020,Wednesday,Winter,False
17.5,40.0,45.7,56.81,62.3,AQRNovember2020.csv,2020-11-12,11,2020,Thursday,Winter,False
17.0,39.0,45.23,51.3,53.7,AQRNovember2020.csv,2020-11-13,11,2020,Friday,Winter,False
16.0,77.0,29.7,33.4,35.0,AQRNovember2020.csv,2020-11-14,11,2020,Saturday,Winter,True
25.0,44.0,12.66,16.7,15.6,AQR20November202022.csv,2020-11-15,11,2020,Sunday,Winter,True
25.5,32.0,13.2,15.1,16.8,AQR20November202022.csv,2020-11-16,11,2020,Monday,Winter,False
26.0,33.0,13.5,16.7,18.3,AQR20November202022.csv,2020-11-17,11,2020,Tuesday,Winter,False
17.5,50.0,25.2,28.1,30.9,AQRNovember2020.csv,2020-11-18,11,2020,Wednesday,Winter,False
18.3,43.0,28.9,32.2,33.6,AQRNovember2020.csv,2020-11-19,11,2020,Thursday,Winter,False
26.0,32.0,17.3,20.8,31.2,AQR20November202022.csv,2020-11-20,11,2020,Friday,Winter,False
18.33,35.0,38.4,48.6,48.3,AQRNovember2020.csv,2020-11-21,11,2020,Saturday,Winter,True
17.8,37.0,35.1,50.2,39.8,AQRNovember2020.csv,2020-11-22,11,2020,Sunday,Winter,True
17.0,39.0,31.6,40.2,33.9,AQRNovember2020.csv,2020-11-23,11,2020,Monday,Winter,False
16.5,42.0,36.2,44.8,37.9,AQRNovember2020.csv,2020-11-24,11,2020,Tuesday,Winter,False
16.8,63.0,26.4,31.9,34.1,AQRNovember2020.csv,2020-11-25,11,2020,Wednesday,Winter,False
27.33,82.0,18.89,22.33,18.3,AQR20November202022.csv,2020-11-26,11,2020,Thursday,Winter,False
15.8,55.0,22.11,28.2,26.4,AQRNovember2020.csv,2020-11-27,11,2020,Friday,Winter,False
28.0,37.0,18.88,24.7,26.3,AQR20November202022.csv,2020-11-28,11,2020,Saturday,Winter,True
14.8,70.0,26.7,30.2,32.8,AQRNovember2020.csv,2020-11-29,11,2020,Sunday,Winter,True
16.0,55.0,33.4,38.1,40.5,AQRNovember2020.csv,2020-11-30,11,2020,Monday,Winter,False
17.3,38.0,19.2,26.2,48.9,AQRDecember2020.csv,2020-12-01,12,2020,Tuesday,Winter,False
16.5,33.0,23.6,37.1,59.7,AQRDecember2020.csv,2020-12-02,12,2020,Wednesday,Winter,False
16.0,39.0,18.21,35.2,44.7,AQRDecember2020.csv,2020-12-03,12,2020,Thursday,Winter,False
15.0,87.0,25.3,35.5,57.8,AQRDecember2020.csv,2020-12-04,12,2020,Friday,Winter,False
15.5,60.0,16.8,29.4,44.0,AQRDecember2020.csv,2020-12-05,12,2020,Saturday,Winter,True
15.3,56.0,17.81,31.2,45.7,AQRDecember2020.csv,2020-12-06,12,2020,Sunday,Winter,True
14.5,66.0,31.4,36.1,58.3,AQRDecember2020.csv,2020-12-07,12,2020,Monday,Winter,False
13.0,81.33,21.36,29.63,26.7,AQRDecember2020.csv,2020-12-08,12,2020,Tuesday,Winter,False
13.66,86.7,29.53,40.76,43.03,AQRDecember2020.csv,2020-12-09,12,2020,Wednesday,Winter,False
14.0,73.0,31.3,34.2,37.4,AQRDecember2020.csv,2020-12-10,12,2020,Thursday,Winter,False
13.0,87.0,19.8,33.7,36.0,AQRDecember2020.csv,2020-12-11,12,2020,Friday,Winter,False
11.0,100.0,13.6,15.3,12.9,AQRDecember2020.csv,2020-12-12,12,2020,Saturday,Winter,True
10.0,88.0,19.2,23.8,25.9,AQRDecember2020.csv,2020-12-13,12,2020,Sunday,Winter,True
9.3,90.0,32.6,42.4,43.6,AQRDecember2020.csv,2020-12-14,12,2020,Monday,Winter,False
9.0,92.0,39.5,49.3,53.0,AQRDecember2020.csv,2020-12-15,12,2020,Tuesday,Winter,False
9.0,69.0,33.9,43.6,40.8,AQRDecember2020.csv,2020-12-16,12,2020,Wednesday,Winter,False
8.0,65.0,33.4,38.9,34.3,AQRDecember2020.csv,2020-12-17,12,2020,Thursday,Winter,False
9.7,44.33,17.5,26.5,47.8,AQRDecember2020.csv,2020-12-18,12,2020,Friday,Winter,False
9.6,32.6,25.36,34.73,53.14,AQRDecember2020.csv,2020-12-19,12,2020,Saturday,Winter,True
9.3,40.0,24.8,35.6,61.31,AQRDecember2020.csv,2020-12-20,12,2020,Sunday,Winter,True
9.2,39.33,25.63,35.26,62.76,AQRDecember2020.csv,2020-12-21,12,2020,Monday,Winter,False
9.3,46.6,20.8,29.36,63.76,AQRDecember2020.csv,2020-12-22,12,2020,Tuesday,Winter,False
9.3,63.7,23.4,35.46,66.21,AQRDecember2020.csv,2020-12-23,12,2020,Wednesday,Winter,False
8.3,62.0,25.3,39.6,74.3,AQRDecember2020.csv,2020-12-24,12,2020,Thursday,Winter,False
8.0,63.0,27.6,40.3,82.3,AQRDecember2020.csv,2020-12-25,12,2020,Friday,Winter,False
7.0,82.0,22.4,35.1,58.0,AQRDecember2020.csv,2020-12-26,12,2020,Saturday,Winter,True
7.0,95.0,23.3,33.06,71.93,AQRDecember2020.csv,2020-12-27,12,2020,Sunday,Winter,True
7.6,80.0,20.17,28.83,47.86,AQRDecember2020.csv,2020-12-28,12,2020,Monday,Winter,False
7.66,62.33,21.03,33.8,55.83,AQRDecember2020.csv,2020-12-29,12,2020,Tuesday,Winter,False
6.0,69.0,24.8,36.77,68.8,AQRDecember2020.csv,2020-12-30,12,2020,Wednesday,Winter,False
6.0,58.0,21.22,34.6,57.66,AQRDecember2020.csv,2020-12-31,12,2020,Thursday,Winter,False
6.0,26.0,19.2,26.2,48.9,AQRJanuary2021.csv,2021-01-01,1,2021,Friday,Winter,False
6.0,68.0,23.6,37.1,56.4,AQRJanuary2021.csv,2021-01-02,1,2021,Saturday,Winter,True
6.0,96.0,18.21,31.6,38.3,AQRJanuary2021.csv,2021-01-03,1,2021,Sunday,Winter,True
6.0,88.0,20.9,32.4,44.9,AQRJanuary2021.csv,2021-01-04,1,2021,Monday,Winter,False
11.0,100.0,13.72,21.9,23.61,AQRJanuary2021.csv,2021-01-05,1,2021,Tuesday,Winter,False
8.6,79.33,14.46,21.8,24.76,AQRJanuary2021.csv,2021-01-06,1,2021,Wednesday,Winter,False
9.0,57.0,22.03,32.96,41.9,AQRJanuary2021.csv,2021-01-07,1,2021,Thursday,Winter,False
8.0,86.0,25.8,40.6,59.2,AQRJanuary2021.csv,2021-01-08,1,2021,Friday,Winter,False
7.0,71.0,24.6,41.5,57.6,AQRJanuary2021.csv,2021-01-09,1,2021,Saturday,Winter,True
8.0,62.7,31.7,41.36,61.55,AQRJanuary2021.csv,2021-01-10,1,2021,Sunday,Winter,True
8.5,71.33,37.92,45.65,74.82,AQRJanuary2021.csv,2021-01-11,1,2021,Monday,Winter,False
8.3,56.33,37.8,40.43,57.8,AQRJanuary2021.csv,2021-01-12,1,2021,Tuesday,Winter,False
8.0,56.33,29.26,39.06,60.57,AQRJanuary2021.csv,2021-01-13,1,2021,Wednesday,Winter,False
8.5,63.0,32.6,42.6,71.4,AQRJanuary2021.csv,2021-01-14,1,2021,Thursday,Winter,False
8.0,62.0,33.7,40.3,68.9,AQRJanuary2021.csv,2021-01-15,1,2021,Friday,Winter,False
8.3,56.0,34.6,42.8,73.4,AQRJanuary2021.csv,2021-01-16,1,2021,Saturday,Winter,True
9.0,51.33,33.58,43.16,78.44,AQRJanuary2021.csv,2021-01-17,1,2021,Sunday,Winter,True
8.0,42.0,34.6,43.21,76.8,AQRJanuary2021.csv,2021-01-18,1,2021,Monday,Winter,False
9.0,48.66,32.63,41.15,59.58,AQRJanuary2021.csv,2021-01-19,1,2021,Tuesday,Winter,False
9.6,39.0,32.06,40.77,56.42,AQRJanuary2021.csv,2021-01-20,1,2021,Wednesday,Winter,False
9.0,43.0,33.4,40.1,56.3,AQRJanuary2021.csv,2021-01-21,1,2021,Thursday,Winter,False
8.0,61.0,19.8,26.8,40.8,AQRJanuary2021.csv,2021-01-22,1,2021,Friday,Winter,False
8.0,68.0,20.77,27.2,42.9,AQRJanuary2021.csv,2021-01-23,1,2021,Saturday,Winter,True
8.5,48.0,21.8,25.9,44.9,AQRJanuary2021.csv,2021-01-24,1,2021,Sunday,Winter,True
8.0,38.0,25.4,30.3,49.5,AQRJanuary2021.csv,2021-01-25,1,2021,Monday,Winter,False
9.33,45.7,31.18,39.4,57.79,AQRJanuary2021.csv,2021-01-26,1,2021,Tuesday,Winter,False
8.3,37.0,24.7,29.4,46.5,AQRJanuary2021.csv,2021-01-27,1,2021,Wednesday,Winter,False
9.0,43.0,25.4,31.2,48.3,AQRJanuary2021.csv,2021-01-28,1,2021,Thursday,Winter,False
8.0,35.0,22.6,28.7,43.8,AQRJanuary2021.csv,2021-01-29,1,2021,Friday,Winter,False
9.0,52.0,24.31,31.2,46.42,AQRJanuary2021.csv,2021-01-30,1,2021,Saturday,Winter,True
8.3,62.0,26.26,36.8,58.7,AQRJanuary2021.csv,2021-01-31,1,2021,Sunday,Winter,True
8.0,54.0,19.2,30.5,62.7,AQRFebruary2021.csv,2021-02-01,2,2021,Monday,Winter,False
9.66,58.33,17.16,23.65,29.85,AQRFebruary2021.csv,2021-02-02,2,2021,Tuesday,Winter,False
9.5,48.0,16.3,19.6,18.9,AQRFebruary2021.csv,2021-02-03,2,2021,Wednesday,Winter,False
9.0,74.0,18.6,20.1,20.45,AQRFebruary2021.csv,2021-02-04,2,2021,Thursday,Winter,False
10.0,63.0,19.3,22.4,32.8,AQRFebruary2021.csv,2021-02-05,2,2021,Friday,Winter,False
11.0,51.0,22.1,29.3,42.3,AQRFebruary2021.csv,2021-02-06,2,2021,Saturday,Winter,True
11.5,48.0,27.0,35.4,61.2,AQRFebruary2021.csv,2021-02-07,2,2021,Sunday,Winter,True
12.0,43.0,28.33,38.5,65.82,AQRFebruary2021.csv,2021-02-08,2,2021,Monday,Winter,False
11.8,39.0,31.22,44.6,71.35,AQRFebruary2021.csv,2021-02-09,2,2021,Tuesday,Winter,False
12.5,40.0,32.3,47.63,74.82,AQRFebruary2021.csv,2021-02-10,2,2021,Wednesday,Winter,False
13.0,41.0,22.4,37.4,53.4,AQRFebruary2021.csv,2021-02-11,2,2021,Thursday,Winter,False
12.0,43.0,27.3,38.6,57.2,AQRFebruary2021.csv,2021-02-12,2,2021,Friday,Winter,False
13.0,39.0,26.11,37.11,52.9,AQRFebruary2021.csv,2021-02-13,2,2021,Saturday,Winter,True
14.0,38.0,26.3,37.3,50.1,AQRFebruary2021.csv,2021-02-14,2,2021,Sunday,Winter,True
15.0,44.0,32.1,48.6,75.4,AQRFebruary2021.csv,2021-02-15,2,2021,Monday,Winter,False
15.0,46.0,28.6,45.62,62.9,AQRFebruary2021.csv,2021-02-16,2,2021,Tuesday,Winter,False
16.0,39.0,27.33,41.33,58.6,AQRFebruary2021.csv,2021-02-17,2,2021,Wednesday,Winter,False
16.3,43.0,23.6,40.55,55.83,AQRFebruary2021.csv,2021-02-18,2,2021,Thursday,Winter,False
16.0,36.0,27.8,44.2,59.44,AQRFebruary2021.csv,2021-02-19,2,2021,Friday,Winter,False
17.0,38.0,31.7,48.2,62.7,AQRFebruary2021.csv,2021-02-20,2,2021,Saturday,Winter,True
16.0,42.7,26.03,44.7,59.44,AQRFebruary2021.csv,2021-02-21,2,2021,Sunday,Winter,True
16.0,54.0,27.88,42.61,52.68,AQRFebruary2021.csv,2021-02-22,2,2021,Monday,Winter,False
17.5,46.0,28.4,43.35,55.63,AQRFebruary2021.csv,2021-02-23,2,2021,Tuesday,Winter,False
18.0,38.0,25.61,36.4,44.67,AQRFebruary2021.csv,2021-02-24,2,2021,Wednesday,Winter,False
18.0,36.0,21.3,34.3,43.2,AQRFebruary2021.csv,2021-02-25,2,2021,Thursday,Winter,False
19.0,40.0,22.6,38.5,46.3,AQRFebruary2021.csv,2021-02-26,2,2021,Friday,Winter,False
19.0,41.0,18.9,22.6,18.5,AQRFebruary2021.csv,2021-02-27,2,2021,Saturday,Winter,True
20.0,32.0,18.11,23.6,20.1,AQRFebruary2021.csv,2021-02-28,2,2021,Sunday,Winter,True
20.0,30.0,16.2,23.6,17.0,AQRMarch2021.csv,2021-03-01,3,2021,Monday,Summer,False
19.66,39.66,13.73,19.43,16.43,AQRMarch2021.csv,2021-03-02,3,2021,Tuesday,Summer,False
19.7,41.0,19.02,23.76,22.13,AQRMarch2021.csv,2021-03-03,3,2021,Wednesday,Summer,False
20.0,42.0,21.6,29.7,27.0,AQRMarch2021.csv,2021-03-04,3,2021,Thursday,Summer,False
22.0,38.0,16.8,22.5,22.1,AQRMarch2021.csv,2021-03-06,3,2021,Saturday,Summer,True
21.0,46.0,17.6,20.2,17.4,AQRMarch2021.csv,2021-03-07,3,2021,Sunday,Summer,True
20.0,74.0,18.93,21.6,20.6,AQRMarch2021.csv,2021-03-08,3,2021,Monday,Summer,False
22.0,32.0,16.2,23.1,17.9,AQRMarch2021.csv,2021-03-09,3,2021,Tuesday,Summer,False
21.0,48.0,14.3,22.4,16.0,AQRMarch2021.csv,2021-03-10,3,2021,Wednesday,Summer,False
21.0,66.0,7.2,13.4,8.9,AQRMarch2021.csv,2021-03-11,3,2021,Thursday,Summer,False
20.0,60.0,8.7,15.6,12.3,AQRMarch2021.csv,2021-03-12,3,2021,Friday,Summer,False
21.0,47.0,12.4,18.5,21.6,AQRMarch2021.csv,2021-03-13,3,2021,Saturday,Summer,True
21.0,36.0,11.8,18.9,22.9,AQRMarch2021.csv,2021-03-14,3,2021,Sunday,Summer,True
22.0,30.0,18.6,26.4,30.6,AQRMarch2021.csv,2021-03-15,3,2021,Monday,Summer,False
22.0,43.0,19.4,27.3,33.8,AQRMarch2021.csv,2021-03-16,3,2021,Tuesday,Summer,False
21.0,37.0,20.6,30.4,36.87,AQRMarch2021.csv,2021-03-17,3,2021,Wednesday,Summer,False
21.0,35.0,22.3,32.9,39.4,AQRMarch2021.csv,2021-03-18,3,2021,Thursday,Summer,False
23.0,34.0,24.5,32.46,38.7,AQRMarch2021.csv,2021-03-19,3,2021,Friday,Summer,False
22.0,58.0,21.7,27.4,26.3,AQRMarch2021.csv,2021-03-20,3,2021,Saturday,Summer,True
21.0,76.0,17.5,21.8,18.2,AQRMarch2021.csv,2021-03-21,3,2021,Sunday,Summer,True
20.0,82.0,7.3,12.6,12.8,AQRMarch2021.csv,2021-03-22,3,2021,Monday,Summer,False
20.0,83.0,4.3,8.2,11.6,AQRMarch2021.csv,2021-03-23,3,2021,Tuesday,Summer,False
19.0,73.66,10.6,15.6,10.04,AQRMarch2021.csv,2021-03-24,3,2021,Wednesday,Summer,False
20.0,60.0,13.8,14.7,18.6,AQRMarch2021.csv,2021-03-25,3,2021,Thursday,Summer,False
21.0,37.0,14.7,23.1,20.4,AQRMarch2021.csv,2021-03-26,3,2021,Friday,Summer,False
22.0,38.0,17.9,29.2,28.9,AQRMarch2021.csv,2021-03-27,3,2021,Saturday,Summer,True
22.0,60.0,15.4,26.8,23.6,AQRMarch2021.csv,2021-03-28,3,2021,Sunday,Summer,True
23.0,30.0,12.3,24.3,16.5,AQRMarch2021.csv,2021-03-29,3,2021,Monday,Summer,False
23.0,32.0,16.4,20.9,19.6,AQRMarch2021.csv,2021-03-30,3,2021,Tuesday,Summer,False
22.0,33.0,15.3,17.6,16.4,AQRMarch2021.csv,2021-03-31,3,2021,Wednesday,Summer,False
20.0,30.0,16.2,23.6,17.0,AQRApril2021.csv,2021-04-01,4,2021,Thursday,Summer,False
19.66,39.66,13.73,19.43,16.43,AQRApril2021.csv,2021-04-02,4,2021,Friday,Summer,False
19.7,41.0,19.02,23.76,22.13,AQRApril2021.csv,2021-04-03,4,2021,Saturday,Summer,True
20.0,42.0,21.6,29.7,27.0,AQRApril2021.csv,2021-04-04,4,2021,Sunday,Summer,True
21.0,29.0,22.3,28.7,27.66,AQRApril2021.csv,2021-04-05,4,2021,Monday,Summer,False
22.0,38.0,16.8,22.5,22.1,AQRApril2021.csv,2021-04-06,4,2021,Tuesday,Summer,False
21.0,84.0,8.5,12.73,9.2,AQRApril2021.csv,2021-04-07,4,2021,Wednesday,Summer,False
24.0,52.0,12.3,19.5,14.6,AQRApril2021.csv,2021-04-08,4,2021,Thursday,Summer,False
22.0,42.0,13.2,21.6,14.77,AQRApril2021.csv,2021-04-09,4,2021,Friday,Summer,False
23.0,41.0,13.8,23.1,15.8,AQRApril2021.csv,2021-04-10,4,2021,Saturday,Summer,True
22.0,48.0,18.1,24.1,19.0,AQRApril2021.csv,2021-04-11,4,2021,Sunday,Summer,True
24.0,30.0,17.73,23.7,18.6,AQRApril2021.csv,2021-04-12,4,2021,Monday,Summer,False
24.0,41.0,17.84,25.4,19.4,AQRApril2021.csv,2021-04-13,4,2021,Tuesday,Summer,False
25.0,36.0,22.8,30.1,26.7,AQRApril2021.csv,2021-04-14,4,2021,Wednesday,Summer,False
24.0,85.0,13.5,19.6,16.4,AQRApril2021.csv,2021-04-15,4,2021,Thursday,Summer,False
23.0,88.0,15.6,18.9,14.2,AQRApril2021.csv,2021-04-16,4,2021,Friday,Summer,False
23.0,84.0,13.5,17.3,9.8,AQRApril2021.csv,2021-04-17,4,2021,Saturday,Summer,True
24.0,68.0,14.3,18.6,11.0,AQRApril2021.csv,2021-04-18,4,2021,Sunday,Summer,True
24.0,38.0,15.22,19.8,13.5,AQRApril2021.csv,2021-04-19,4,2021,Monday,Summer,False
23.0,55.0,14.8,23.1,16.0,AQRApril2021.csv,2021-04-20,4,2021,Tuesday,Summer,False
22.5,51.0,9.3,13.6,9.6,AQRApril2021.csv,2021-04-21,4,2021,Wednesday,Summer,False
22.0,96.0,9.1,12.2,7.3,AQRApril2021.csv,2021-04-22,4,2021,Thursday,Summer,False
23.0,52.0,10.8,15.3,10.4,AQRApril2021.csv,2021-04-23,4,2021,Friday,Summer,False
24.0,46.0,13.4,18.8,11.8,AQRApril2021.csv,2021-04-24,4,2021,Saturday,Summer,True
24.0,37.0,16.7,19.7,14.6,AQRApril2021.csv,2021-04-25,4,2021,Sunday,Summer,True
25.0,31.0,18.5,24.6,17.8,AQRApril2021.csv,2021-04-26,4,2021,Monday,Summer,False
27.0,30.0,15.8,22.8,14.6,AQRApril2021.csv,2021-04-27,4,2021,Tuesday,Summer,False
27.0,27.0,16.92,25.2,17.55,AQRApril2021.csv,2021-04-28,4,2021,Wednesday,Summer,False
27.5,30.0,15.7,18.5,16.4,AQRApril2021.csv,2021-04-29,4,2021,Thursday,Summer,False
28.0,59.0,17.11,20.4,18.2,AQRApril2021.csv,2021-04-30,4,2021,Friday,Summer,False
23.0,57.0,15.7,20.3,16.7,AQRMay2021.csv,2021-05-01,5,2021,Saturday,Summer,True
23.0,59.0,16.8,22.8,18.6,AQRMay2021.csv,2021-05-02,5,2021,Sunday,Summer,True
23.0,38.0,18.9,25.9,23.6,AQRMay2021.csv,2021-05-03,5,2021,Monday,Summer,False
23.7,60.0,20.3,26.8,33.0,AQRMay2021.csv,2021-05-04,5,2021,Tuesday,Summer,False
24.0,56.0,14.5,17.6,20.3,AQRMay2021.csv,2021-05-05,5,2021,Wednesday,Summer,False
24.0,41.0,16.3,20.11,22.0,AQRMay2021.csv,2021-05-06,5,2021,Thursday,Summer,False
24.0,37.0,16.5,20.4,21.0,AQRMay2021.csv,2021-05-07,5,2021,Friday,Summer,False
24.0,32.0,15.6,19.1,19.2,AQRMay2021.csv,2021-05-08,5,2021,Saturday,Summer,True
24.0,29.0,13.33,17.4,18.0,AQRMay2021.csv,2021-05-09,5,2021,Sunday,Summer,True
24.5,30.0,13.6,17.0,18.4,AQRMay2021.csv,2021-05-10,5,2021,Monday,Summer,False
25.0,31.0,13.8,17.7,17.88,AQRMay2021.csv,2021-05-11,5,2021,Tuesday,Summer,False
25.0,28.0,14.1,16.7,18.2,AQRMay2021.csv,2021-05-12,5,2021,Wednesday,Summer,False
25.0,25.0,12.5,13.6,16.4,AQRMay2021.csv,2021-05-13,5,2021,Thursday,Summer,False
24.5,27.0,12.7,18.3,18.7,AQRMay2021.csv,2021-05-14,5,2021,Friday,Summer,False
25.0,44.0,12.66,16.7,15.6,AQRMay2021.csv,2021-05-15,5,2021,Saturday,Summer,True
25.5,32.0,13.2,15.1,16.8,AQRMay2021.csv,2021-05-16,5,2021,Sunday,Summer,True
26.0,33.0,13.5,16.7,18.3,AQRMay2021.csv,2021-05-17,5,2021,Monday,Summer,False
26.0,64.0,13.24,16.8,16.5,AQRMay2021.csv,2021-05-18,5,2021,Tuesday,Summer,False
26.0,40.0,9.11,17.3,18.8,AQRMay2021.csv,2021-05-19,5,2021,Wednesday,Summer,False
26.0,32.0,17.3,20.8,31.2,AQRMay2021.csv,2021-05-20,5,2021,Thursday,Summer,False
26.5,35.0,9.6,13.9,13.4,AQRMay2021.csv,2021-05-21,5,2021,Friday,Summer,False
27.0,43.0,8.6,14.7,14.3,AQRMay2021.csv,2021-05-22,5,2021,Saturday,Summer,True
27.0,35.0,8.91,14.6,12.6,AQRMay2021.csv,2021-05-23,5,2021,Sunday,Summer,True
27.0,27.0,9.2,13.6,12.2,AQRMay2021.csv,2021-05-24,5,2021,Monday,Summer,False
27.0,26.0,9.4,16.9,11.7,AQRMay2021.csv,2021-05-25,5,2021,Tuesday,Summer,False
27.33,82.0,18.89,22.33,18.3,AQRMay2021.csv,2021-05-26,5,2021,Wednesday,Summer,False
28.0,18.0,18.6,23.4,20.8,AQRMay2021.csv,2021-05-27,5,2021,Thursday,Summer,False
28.0,37.0,18.88,24.7,26.3,AQRMay2021.csv,2021-05-28,5,2021,Friday,Summer,False
28.0,49.0,20.6,26.4,30.2,AQRMay2021.csv,2021-05-29,5,2021,Saturday,Summer,True
28.0,41.0,17.3,21.3,22.6,AQRMay2021.csv,2021-05-30,5,2021,Sunday,Summer,True
28.0,49.0,15.4,20.2,19.0,AQRMay2021.csv,2021-05-31,5,2021,Monday,Summer,False
28.0,34.0,7.3,11.8,10.0,AQRJune2021.csv,2021-06-01,6,2021,Tuesday,Summer,False
29.0,39.0,6.0,12.6,13.6,AQRJune2021.csv,2021-06-02,6,2021,Wednesday,Summer,False
28.0,49.0,9.2,15.8,15.0,AQRJune2021.csv,2021-06-03,6,2021,Thursday,Summer,False
29.0,43.0,8.3,14.2,11.5,AQRJune2021.csv,2021-06-04,6,2021,Friday,Summer,False
30.0,45.0,11.9,16.8,23.8,AQRJune2021.csv,2021-06-05,6,2021,Saturday,Summer,True
30.0,32.0,14.0,20.3,34.6,AQRJune2021.csv,2021-06-06,6,2021,Sunday,Summer,True
31.0,44.0,14.2,23.6,35.8,AQRJune2021.csv,2021-06-07,6,2021,Monday,Summer,False
32.0,29.0,13.4,22.4,33.4,AQRJune2021.csv,2021-06-08,6,2021,Tuesday,Summer,False
32.0,27.0,14.6,24.1,36.9,AQRJune2021.csv,2021-06-09,6,2021,Wednesday,Summer,False
34.0,26.7,18.86,21.4,33.6,AQRJune2021.csv,2021-06-10,6,2021,Thursday,Summer,False
33.0,50.0,9.8,22.6,38.0,AQRJune2021.csv,2021-06-11,6,2021,Friday,Summer,False
32.0,48.0,6.9,13.2,20.6,AQRJune2021.csv,2021-06-12,6,2021,Saturday,Summer,True
32.0,45.0,8.6,12.7,15.3,AQRJune2021.csv,2021-06-13,6,2021,Sunday,Summer,True
33.0,52.0,11.0,15.8,25.0,AQRJune2021.csv,2021-06-14,6,2021,Monday,Summer,False
32.0,25.0,12.6,14.3,17.2,AQRJune2021.csv,2021-06-15,6,2021,Tuesday,Summer,False
31.0,55.0,6.3,12.22,11.6,AQRJune2021.csv,2021-06-16,6,2021,Wednesday,Summer,False
32.0,33.0,6.88,14.3,14.5,AQRJune2021.csv,2021-06-17,6,2021,Thursday,Summer,False
32.0,22.0,12.3,20.1,23.0,AQRJune2021.csv,2021-06-18,6,2021,Friday,Summer,False
32.0,31.0,8.9,18.3,18.6,AQRJune2021.csv,2021-06-19,6,2021,Saturday,Summer,True
31.0,30.0,7.4,15.6,15.4,AQRJune2021.csv,2021-06-20,6,2021,Sunday,Summer,True
31.0,35.0,6.8,12.3,19.5,AQRJune2021.csv,2021-06-21,6,2021,Monday,Summer,False
32.0,31.0,7.3,16.3,13.4,AQRJune2021.csv,2021-06-22,6,2021,Tuesday,Summer,False
32.0,30.0,8.9,17.6,16.2,AQRJune2021.csv,2021-06-23,6,2021,Wednesday,Summer,False
33.0,18.0,7.9,16.8,14.6,AQRJune2021.csv,2021-06-24,6,2021,Thursday,Summer,False
34.0,59.0,6.2,15.6,13.2,AQRJune2021.csv,2021-06-25,6,2021,Friday,Summer,False
31.0,40.0,6.3,12.2,10.0,AQRJune2021.csv,2021-06-26,6,2021,Saturday,Summer,True
32.0,49.0,5.7,13.8,13.9,AQRJune2021.csv,2021-06-27,6,2021,Sunday,Summer,True
34.0,46.0,6.88,15.6,18.7,AQRJune2021.csv,2021-06-28,6,2021,Monday,Summer,False
35.0,20.0,7.2,16.44,19.5,AQRJune2021.csv,2021-06-29,6,2021,Tuesday,Summer,False
36.0,16.0,9.6,17.5,23.5,AQRJune2021.csv,2021-06-30,6,2021,Wednesday,Summer,False
41.0,15.0,8.9,19.6,32.9,AQRJuly2021.csv,2021-07-01,7,2021,Thursday,Summer,False
40.0,20.0,5.7,13.8,31.0,AQRJuly2021.csv,2021-07-02,7,2021,Friday,Summer,False
40.0,30.0,6.88,15.6,10.0,AQRJuly2021.csv,2021-07-03,7,2021,Saturday,Summer,True
38.0,45.0,7.2,16.44,20.0,AQRJuly2021.csv,2021-07-04,7,2021,Sunday,Summer,True
38.0,38.0,9.6,17.5,15.2,AQRJuly2021.csv,2021-07-05,7,2021,Monday,Summer,False
37.0,35.0,7.6,19.2,20.6,AQRJuly2021.csv,2021-07-06,7,2021,Tuesday,Summer,False
38.0,40.0,8.2,18.3,21.0,AQRJuly2021.csv,2021-07-07,7,2021,Wednesday,Summer,False
39.0,18.0,7.6,17.2,18.6,AQRJuly2021.csv,2021-07-08,7,2021,Thursday,Summer,False
38.0,53.0,4.0,8.6,7.8,AQRJuly2021.csv,2021-07-09,7,2021,Friday,Summer,False
37.0,56.0,4.3,10.2,9.5,AQRJuly2021.csv,2021-07-10,7,2021,Saturday,Summer,True
38.0,32.0,4.9,12.8,13.2,AQRJuly2021.csv,2021-07-11,7,2021,Sunday,Summer,True
37.0,51.0,3.8,11.77,9.88,AQRJuly2021.csv,2021-07-12,7,2021,Monday,Summer,False
35.0,69.0,4.5,13.6,14.3,AQRJuly2021.csv,2021-07-13,7,2021,Tuesday,Summer,False
31.0,64.0,3.8,9.6,8.78,AQRJuly2021.csv,2021-07-14,7,2021,Wednesday,Summer,False
32.0,30.0,5.2,13.0,13.4,AQRJuly2021.csv,2021-07-15,7,2021,Thursday,Summer,False
32.0,62.0,3.92,11.8,11.3,AQRJuly2021.csv,2021-07-16,7,2021,Friday,Summer,False
33.0,30.0,11.3,22.3,33.5,AQRJuly2021.csv,2021-07-17,7,2021,Saturday,Summer,True
32.0,48.0,13.2,27.9,40.6,AQRJuly2021.csv,2021-07-18,7,2021,Sunday,Summer,True
30.0,80.0,10.6,20.8,26.9,AQRJuly2021.csv,2021-07-19,7,2021,Monday,Summer,False
29.0,86.0,7.6,18.7,20.4,AQRJuly2021.csv,2021-07-20,7,2021,Tuesday,Summer,False
29.0,73.0,8.88,20.6,23.5,AQRJuly2021.csv,2021-07-21,7,2021,Wednesday,Summer,False
29.0,61.0,8.6,18.3,18.6,AQRJuly2021.csv,2021-07-22,7,2021,Thursday,Summer,False
28.0,48.0,8.44,17.2,17.8,AQRJuly2021.csv,2021-07-23,7,2021,Friday,Summer,False
28.0,55.0,6.8,14.6,18.6,AQRJuly2021.csv,2021-07-24,7,2021,Saturday,Summer,True
27.0,53.0,6.1,10.6,12.6,AQRJuly2021.csv,2021-07-25,7,2021,Sunday,Summer,True
27.0,58.0,7.0,10.8,11.3,AQRJuly2021.csv,2021-07-26,7,2021,Monday,Summer,False
27.0,62.0,4.6,11.8,9.7,AQRJuly2021.csv,2021-07-27,7,2021,Tuesday,Summer,False
26.0,94.0,5.3,10.2,8.6,AQRJuly2021.csv,2021-07-28,7,2021,Wednesday,Summer,False
26.0,83.0,6.11,9.2,12.3,AQRJuly2021.csv,2021-07-29,7,2021,Thursday,Summer,False
26.0,68.0,7.2,11.4,12.6,AQRJuly2021.csv,2021-07-30,7,2021,Friday,Summer,False
26.0,64.0,7.2,11.4,13.4,AQRJuly2021.csv,2021-07-31,7,2021,Saturday,Summer,True
26.0,66.0,7.1,12.4,17.0,AQRAugust2021.csv,2021-08-01,8,2021,Sunday,Summer,True
27.0,56.0,8.2,13.2,17.6,AQRAugust2021.csv,2021-08-02,8,2021,Monday,Summer,False
27.0,78.0,9.6,17.6,34.6,AQRAugust2021.csv,2021-08-03,8,2021,Tuesday,Summer,False
26.7,72.7,6.1,12.0,17.5,AQRAugust2021.csv,2021-08-04,8,2021,Wednesday,Summer,False
26.5,70.0,8.3,15.3,25.2,AQRAugust2021.csv,2021-08-05,8,2021,Thursday,Summer,False
26.0,61.0,6.4,11.88,16.3,AQRAugust2021.csv,2021-08-06,8,2021,Friday,Summer,False
27.0,35.0,10.1,19.1,37.2,AQRAugust2021.csv,2021-08-07,8,2021,Saturday,Summer,True
26.5,83.0,6.5,15.7,26.4,AQRAugust2021.csv,2021-08-08,8,2021,Sunday,Summer,True
27.0,70.0,7.4,16.3,28.7,AQRAugust2021.csv,2021-08-09,8,2021,Monday,Summer,False
27.0,78.0,8.67,17.73,33.2,AQRAugust2021.csv,2021-08-10,8,2021,Tuesday,Summer,False
28.0,70.0,9.1,18.9,33.8,AQRAugust2021.csv,2021-08-11,8,2021,Wednesday,Summer,False
28.0,79.0,7.71,18.4,31.9,AQRAugust2021.csv,2021-08-12,8,2021,Thursday,Summer,False
27.0,56.0,5.4,11.2,17.9,AQRAugust2021.csv,2021-08-13,8,2021,Friday,Summer,False
27.0,50.0,4.33,9.66,15.2,AQRAugust2021.csv,2021-08-14,8,2021,Saturday,Summer,True
26.0,78.0,4.24,9.1,12.3,AQRAugust2021.csv,2021-08-15,8,2021,Sunday,Summer,True
26.0,49.0,6.1,10.3,15.0,AQRAugust2021.csv,2021-08-16,8,2021,Monday,Summer,False
25.0,58.0,8.6,13.4,33.8,AQRAugust2021.csv,2021-08-17,8,2021,Tuesday,Summer,False
25.0,47.0,10.52,14.6,34.6,AQRAugust2021.csv,2021-08-18,8,2021,Wednesday,Summer,False
26.0,68.0,8.9,13.2,31.5,AQRAugust2021.csv,2021-08-19,8,2021,Thursday,Summer,False
27.0,49.0,7.2,12.4,16.0,AQRAugust2021.csv,2021-08-20,8,2021,Friday,Summer,False
28.0,54.0,6.1,11.7,15.2,AQRAugust2021.csv,2021-08-21,8,2021,Saturday,Summer,True
28.0,63.33,6.26,9.03,12.3,AQRAugust2021.csv,2021-08-22,8,2021,Sunday,Summer,True
28.6,83.0,8.3,11.3,16.4,AQRAugust2021.csv,2021-08-23,8,2021,Monday,Summer,False
28.0,66.0,9.77,13.7,20.2,AQRAugust2021.csv,2021-08-24,8,2021,Tuesday,Summer,False
29.0,73.0,12.4,17.6,36.2,AQRAugust2021.csv,2021-08-25,8,2021,Wednesday,Summer,False
30.0,58.0,12.73,17.9,37.9,AQRAugust2021.csv,2021-08-26,8,2021,Thursday,Summer,False
29.0,59.0,11.6,19.1,39.6,AQRAugust2021.csv,2021-08-27,8,2021,Friday,Summer,False
28.0,48.0,4.6,8.65,12.6,AQRAugust2021.csv,2021-08-28,8,2021,Saturday,Summer,True
26.7,83.33,8.17,10.03,19.54,AQRAugust2021.csv,2021-08-29,8,2021,Sunday,Summer,True
25.7,85.0,5.88,9.3,13.6,AQRAugust2021.csv,2021-08-30,8,2021,Monday,Summer,False
26.0,63.0,9.6,13.4,19.0,AQRAugust2021.csv,2021-08-31,8,2021,Tuesday,Summer,False
25.0,70.0,7.1,13.68,18.0,AQRSeptembert2021.csv,2021-09-01,9,2021,Wednesday,Summer,False
26.0,60.0,8.2,134.0,17.0,AQRSeptembert2021.csv,2021-09-02,9,2021,Thursday,Summer,False
27.0,55.0,9.3,13.77,19.3,AQRSeptembert2021.csv,2021-09-03,9,2021,Friday,Summer,False
28.0,45.0,10.9,14.6,254.0,AQRSeptembert2021.csv,2021-09-04,9,2021,Saturday,Summer,True
28.0,48.0,12.34,14.93,28.3,AQRSeptembert2021.csv,2021-09-05,9,2021,Sunday,Summer,True
27.0,58.0,13.48,17.8,33.7,AQRSeptembert2021.csv,2021-09-06,9,2021,Monday,Summer,False
26.5,80.0,13.87,19.3,37.4,AQRSeptembert2021.csv,2021-09-07,9,2021,Tuesday,Summer,False
26.0,84.7,9.97,11.21,21.06,AQRSeptembert2021.csv,2021-09-08,9,2021,Wednesday,Summer,False
27.0,83.0,7.9,13.2,14.8,AQRSeptembert2021.csv,2021-09-09,9,2021,Thursday,Summer,False
26.5,85.0,9.6,10.8,7.43,AQRSeptembert2021.csv,2021-09-10,9,2021,Friday,Summer,False
27.3,71.0,7.82,9.2,5.8,AQRSeptembert2021.csv,2021-09-11,9,2021,Saturday,Summer,True
27.8,70.0,8.31,12.8,18.9,AQRSeptembert2021.csv,2021-09-12,9,2021,Sunday,Summer,True
27.0,86.0,8.88,11.8,15.88,AQRSeptembert2021.csv,2021-09-13,9,2021,Monday,Summer,False
27.8,80.0,9.2,14.3,19.8,AQRSeptembert2021.csv,2021-09-14,9,2021,Tuesday,Summer,False
28.0,44.0,7.6,13.77,15.4,AQRSeptembert2021.csv,2021-09-15,9,2021,Wednesday,Summer,False
28.33,47.66,10.92,19.67,31.58,AQRSeptembert2021.csv,2021-09-16,9,2021,Thursday,Summer,False
28.0,78.0,9.8,19.42,30.8,AQRSeptembert2021.csv,2021-09-17,9,2021,Friday,Summer,False
28.3,73.0,10.43,25.4,37.83,AQRSeptembert2021.csv,2021-09-18,9,2021,Saturday,Summer,True
28.0,55.0,10.1,22.7,34.8,AQRSeptembert2021.csv,2021-09-19,9,2021,Sunday,Summer,True
27.0,73.0,11.8,21.3,30.1,AQRSeptembert2021.csv,2021-09-20,9,2021,Monday,Summer,False
27.0,79.0,9.7,12.6,21.3,AQRSeptembert2021.csv,2021-09-21,9,2021,Tuesday,Summer,False
26.8,86.0,9.55,13.8,20.2,AQRSeptembert2021.csv,2021-09-22,9,2021,Wednesday,Summer,False
27.7,76.33,6.24,11.1,12.96,AQRSeptembert2021.csv,2021-09-23,9,2021,Thursday,Summer,False
27.0,62.0,6.8,13.4,16.9,AQRSeptembert2021.csv,2021-09-24,9,2021,Friday,Summer,False
27.8,83.0,7.8,13.72,17.5,AQRSeptembert2021.csv,2021-09-25,9,2021,Saturday,Summer,True
27.33,59.33,6.93,10.66,20.2,AQRSeptembert2021.csv,2021-09-26,9,2021,Sunday,Summer,True
28.0,62.0,9.7,23.46,34.8,AQRSeptembert2021.csv,2021-09-27,9,2021,Monday,Summer,False
28.33,53.66,8.8,17.73,32.36,AQRSeptembert2021.csv,2021-09-28,9,2021,Tuesday,Summer,False
29.0,57.0,12.6,17.5,33.41,AQRSeptembert2021.csv,2021-09-29,9,2021,Wednesday,Summer,False
29.5,72.0,14.6,23.9,42.91,AQRSeptembert2021.csv,2021-09-30,9,2021,Thursday,Summer,False
28.0,76.0,16.3,17.3,28.3,AQROctober2021.csv,2021-10-01,10,2021,Friday,Summer,False
28.0,83.0,15.22,15.2,24.6,AQROctober2021.csv,2021-10-02,10,2021,Saturday,Summer,True
27.5,70.0,10.6,11.8,12.5,AQROctober2021.csv,2021-10-03,10,2021,Sunday,Summer,True
27.0,59.0,13.54,16.31,23.76,AQROctober2021.csv,2021-10-04,10,2021,Monday,Summer,False
26.0,66.0,7.22,12.1,12.3,AQROctober2021.csv,2021-10-05,10,2021,Tuesday,Summer,False
26.0,52.0,7.94,13.21,17.6,AQROctober2021.csv,2021-10-06,10,2021,Wednesday,Summer,False
25.0,79.0,11.3,15.23,23.66,AQROctober2021.csv,2021-10-07,10,2021,Thursday,Summer,False
25.0,55.0,10.3,15.94,24.87,AQROctober2021.csv,2021-10-08,10,2021,Friday,Summer,False
24.5,70.0,13.71,18.3,30.6,AQROctober2021.csv,2021-10-09,10,2021,Saturday,Summer,True
24.0,83.0,10.6,9.7,19.6,AQROctober2021.csv,2021-10-10,10,2021,Sunday,Summer,True
24.8,59.0,6.21,8.99,10.3,AQROctober2021.csv,2021-10-11,10,2021,Monday,Summer,False
25.0,34.0,7.1,13.6,15.34,AQROctober2021.csv,2021-10-12,10,2021,Tuesday,Summer,False
25.0,50.0,8.22,14.1,22.0,AQROctober2021.csv,2021-10-13,10,2021,Wednesday,Summer,False
25.6,39.0,9.64,14.53,27.3,AQROctober2021.csv,2021-10-14,10,2021,Thursday,Summer,False
26.0,31.0,7.88,13.87,19.84,AQROctober2021.csv,2021-10-15,10,2021,Friday,Summer,False
25.8,57.0,6.73,13.24,17.6,AQROctober2021.csv,2021-10-16,10,2021,Saturday,Summer,True
25.0,83.0,6.4,13.7,18.2,AQROctober2021.csv,2021-10-17,10,2021,Sunday,Summer,True
24.0,41.0,7.12,7.6,13.4,AQROctober2021.csv,2021-10-18,10,2021,Monday,Summer,False
24.0,47.0,6.82,12.77,15.87,AQROctober2021.csv,2021-10-19,10,2021,Tuesday,Summer,False
23.5,44.0,7.88,12.6,20.8,AQROctober2021.csv,2021-10-20,10,2021,Wednesday,Summer,False
23.0,34.0,9.42,15.4,32.78,AQROctober2021.csv,2021-10-21,10,2021,Thursday,Summer,False
23.0,69.0,11.3,13.88,27.0,AQROctober2021.csv,2021-10-22,10,2021,Friday,Summer,False
22.8,72.0,7.2,11.3,19.66,AQROctober2021.csv,2021-10-23,10,2021,Saturday,Summer,True
22.5,85.0,6.83,7.68,12.86,AQROctober2021.csv,2021-10-24,10,2021,Sunday,Summer,True
22.3,64.0,7.33,9.6,18.65,AQROctober2021.csv,2021-10-25,10,2021,Monday,Summer,False
22.0,57.0,7.46,11.2,21.6,AQROctober2021.csv,2021-10-26,10,2021,Tuesday,Summer,False
21.8,53.0,7.62,11.73,23.4,AQROctober2021.csv,2021-10-27,10,2021,Wednesday,Summer,False
21.5,50.0,8.6,12.13,24.11,AQROctober2021.csv,2021-10-28,10,2021,Thursday,Summer,False
21.0,35.0,8.22,10.64,22.5,AQROctober2021.csv,2021-10-29,10,2021,Friday,Summer,False
20.5,43.0,8.56,11.6,27.2,AQROctober2021.csv,2021-10-30,10,2021,Saturday,Summer,True
20.0,48.0,8.15,9.68,22.3,AQROctober2021.csv,2021-10-31,10,2021,Sunday,Summer,True
20.0,50.0,5.6,18.33,31.82,AQRSNovember2021.csv,2021-11-01,11,2021,Monday,Winter,False
19.33,49.66,9.923,17.62,47.9,AQRSNovember2021.csv,2021-11-02,11,2021,Tuesday,Winter,False
19.5,50.0,15.67,19.86,78.37,AQRSNovember2021.csv,2021-11-03,11,2021,Wednesday,Winter,False
18.33,56.0,13.56,18.83,60.92,AQRSNovember2021.csv,2021-11-04,11,2021,Thursday,Winter,False
18.0,75.0,15.4,19.66,62.68,AQRSNovember2021.csv,2021-11-05,11,2021,Friday,Winter,False
18.0,53.0,16.3,19.7,64.45,AQRSNovember2021.csv,2021-11-06,11,2021,Saturday,Winter,True
17.5,42.0,15.67,19.66,58.52,AQRSNovember2021.csv,2021-11-07,11,2021,Sunday,Winter,True
17.5,39.0,14.6,21.4,55.69,AQRSNovember2021.csv,2021-11-08,11,2021,Monday,Winter,False
17.0,37.0,8.7,19.3,36.98,AQRSNovember2021.csv,2021-11-09,11,2021,Tuesday,Winter,False
16.8,30.0,8.31,20.0,38.8,AQRSNovember2021.csv,2021-11-10,11,2021,Wednesday,Winter,False
16.5,33.0,9.66,20.32,44.6,AQRSNovember2021.csv,2021-11-11,11,2021,Thursday,Winter,False
16.0,31.0,9.21,19.67,39.6,AQRSNovember2021.csv,2021-11-12,11,2021,Friday,Winter,False
16.0,28.0,10.68,20.4,48.6,AQRSNovember2021.csv,2021-11-13,11,2021,Saturday,Winter,True
16.0,27.0,12.4,23.6,51.92,AQRSNovember2021.csv,2021-11-14,11,2021,Sunday,Winter,True
15.8,31.0,9.42,19.88,38.8,AQRSNovember2021.csv,2021-11-15,11,2021,Monday,Winter,False
15.5,35.0,10.9,20.57,47.8,AQRSNovember2021.csv,2021-11-16,11,2021,Tuesday,Winter,False
15.3,29.0,12.8,21.0,56.7,AQRSNovember2021.csv,2021-11-17,11,2021,Wednesday,Winter,False
15.33,32.0,12.4,20.59,51.78,AQRSNovember2021.csv,2021-11-18,11,2021,Thursday,Winter,False
15.0,33.0,14.77,21.38,58.6,AQRSNovember2021.csv,2021-11-19,11,2021,Friday,Winter,False
15.3,30.0,15.73,22.3,61.3,AQRSNovember2021.csv,2021-11-20,11,2021,Saturday,Winter,True
14.8,43.0,13.8,23.54,59.8,AQRSNovember2021.csv,2021-11-21,11,2021,Sunday,Winter,True
14.8,58.0,13.46,22.6,54.9,AQRSNovember2021.csv,2021-11-22,11,2021,Monday,Winter,False
15.0,49.0,12.5,21.6,47.6,AQRSNovember2021.csv,2021-11-23,11,2021,Tuesday,Winter,False
15.5,46.0,13.33,23.4,53.6,AQRSNovember2021.csv,2021-11-24,11,2021,Wednesday,Winter,False
16.0,44.0,14.6,24.5,62.87,AQRSNovember2021.csv,2021-11-25,11,2021,Thursday,Winter,False
16.3,45.0,15.33,25.6,65.9,AQRSNovember2021.csv,2021-11-26,11,2021,Friday,Winter,False
16.5,47.6,18.4,27.6,68.2,AQRSNovember2021.csv,2021-11-27,11,2021,Saturday,Winter,True
16.17,48.86,28.97,22.8,49.45,AQRSNovember2021.csv,2021-11-28,11,2021,Sunday,Winter,True
15.0,50.3,19.4,21.6,48.66,AQRSNovember2021.csv,2021-11-29,11,2021,Monday,Winter,False
14.6,51.2,19.6,23.14,51.84,AQRSNovember2021.csv,2021-11-30,11,2021,Tuesday,Winter,False
15.0,31.4,29.3,40.2,100.6,AQRDecember2021.csv,2021-12-01,12,2021,Wednesday,Winter,False
14.5,43.6,32.2,41.3,94.3,AQRDecember2021.csv,2021-12-02,12,2021,Thursday,Winter,False
11.43,65.03,49.9,55.94,133.97,AQRDecember2021.csv,2021-12-03,12,2021,Friday,Winter,False
14.0,72.0,13.6,23.5,68.3,AQRDecember2021.csv,2021-12-04,12,2021,Saturday,Winter,True
13.33,80.0,13.64,22.46,53.2,AQRDecember2021.csv,2021-12-05,12,2021,Sunday,Winter,True
14.0,48.7,17.72,20.47,56.05,AQRDecember2021.csv,2021-12-06,12,2021,Monday,Winter,False
13.33,51.66,20.04,20.79,69.7,AQRDecember2021.csv,2021-12-07,12,2021,Tuesday,Winter,False
13.7,56.0,27.03,21.73,93.38,AQRDecember2021.csv,2021-12-08,12,2021,Wednesday,Winter,False
13.5,50.33,28.35,22.39,100.34,AQRDecember2021.csv,2021-12-09,12,2021,Thursday,Winter,False
13.0,47.3,26.4,23.4,80.95,AQRDecember2021.csv,2021-12-10,12,2021,Friday,Winter,False
12.0,43.5,25.8,21.5,85.7,AQRDecember2021.csv,2021-12-11,12,2021,Saturday,Winter,True
11.66,42.0,27.74,22.49,120.5,AQRDecember2021.csv,2021-12-12,12,2021,Sunday,Winter,True
11.0,49.66,25.51,21.92,96.06,AQRDecember2021.csv,2021-12-13,12,2021,Monday,Winter,False
10.0,57.7,19.88,22.21,91.18,AQRDecember2021.csv,2021-12-14,12,2021,Tuesday,Winter,False
9.7,46.66,23.97,22.39,129.58,AQRDecember2021.csv,2021-12-15,12,2021,Wednesday,Winter,False
9.0,52.66,13.82,20.19,73.88,AQRDecember2021.csv,2021-12-16,12,2021,Thursday,Winter,False
9.5,64.0,14.6,21.3,73.4,AQRDecember2021.csv,2021-12-17,12,2021,Friday,Winter,False
9.33,60.0,22.97,22.14,111.9,AQRDecember2021.csv,2021-12-18,12,2021,Saturday,Winter,True
9.5,56.3,27.8,23.5,149.4,AQRDecember2021.csv,2021-12-19,12,2021,Sunday,Winter,True
9.33,59.0,27.97,20.64,156.2,AQRDecember2021.csv,2021-12-20,12,2021,Monday,Winter,False
11.33,52.66,43.44,19.88,198.96,AQRDecember2021.csv,2021-12-21,12,2021,Tuesday,Winter,False
11.0,54.0,39.98,21.25,182.1,AQRDecember2021.csv,2021-12-22,12,2021,Wednesday,Winter,False
10.66,57.66,39.43,21.78,156.53,AQRDecember2021.csv,2021-12-23,12,2021,Thursday,Winter,False
10.0,54.6,29.78,22.28,119.9,AQRDecember2021.csv,2021-12-24,12,2021,Friday,Winter,False
9.5,63.0,29.14,22.31,142.8,AQRDecember2021.csv,2021-12-25,12,2021,Saturday,Winter,True
9.33,74.7,25.02,22.55,107.37,AQRDecember2021.csv,2021-12-26,12,2021,Sunday,Winter,True
8.33,79.0,17.55,22.64,57.11,AQRDecember2021.csv,2021-12-27,12,2021,Monday,Winter,False
9.2,61.0,24.03,21.69,84.79,AQRDecember2021.csv,2021-12-28,12,2021,Tuesday,Winter,False
9.0,63.0,20.9,19.99,87.6,AQRDecember2021.csv,2021-12-29,12,2021,Wednesday,Winter,False
8.5,69.0,23.4,20.5,85.9,AQRDecember2021.csv,2021-12-30,12,2021,Thursday,Winter,False
8.3,58.0,22.9,21.74,86.2,AQRDecember2021.csv,2021-12-31,12,2021,Friday,Winter,False
8.0,69.0,19.2,21.3,112.45,AQRJanuary2022.csv,2022-01-01,1,2022,Saturday,Winter,True
8.5,63.0,23.6,19.45,72.6,AQRJanuary2022.csv,2022-01-02,1,2022,Sunday,Winter,True
10.7,67.0,21.35,19.81,80.41,AQRJanuary2022.csv,2022-01-03,1,2022,Monday,Winter,False
9.7,90.0,7.89,18.34,43.31,AQRJanuary2022.csv,2022-01-04,1,2022,Tuesday,Winter,False
9.0,89.33,7.61,20.37,35.8,AQRJanuary2022.csv,2022-01-05,1,2022,Wednesday,Winter,False
24.0,91.7,7.72,19.66,57.83,AQRJanuary2022.csv,2022-01-06,1,2022,Thursday,Winter,False
24.0,90.1,7.45,18.83,44.67,AQRJanuary2022.csv,2022-01-07,1,2022,Friday,Winter,False
8.33,77.4,8.2,18.42,21.0,AQRJanuary2022.csv,2022-01-08,1,2022,Saturday,Winter,True
8.6,74.33,9.41,18.7,35.41,AQRJanuary2022.csv,2022-01-09,1,2022,Sunday,Winter,True
8.0,55.33,9.23,19.19,51.2,AQRJanuary2022.csv,2022-01-10,1,2022,Monday,Winter,False
8.7,47.0,10.25,18.46,58.75,AQRJanuary2022.csv,2022-01-11,1,2022,Tuesday,Winter,False
8.3,44.33,11.57,20.12,93.65,AQRJanuary2022.csv,2022-01-12,1,2022,Wednesday,Winter,False
8.7,43.0,11.32,21.31,104.21,AQRJanuary2022.csv,2022-01-13,1,2022,Thursday,Winter,False
8.5,44.0,12.22,20.34,108.42,AQRJanuary2022.csv,2022-01-14,1,2022,Friday,Winter,False
8.33,73.0,10.82,19.39,130.3,AQRJanuary2022.csv,2022-01-15,1,2022,Saturday,Winter,True
8.0,74.33,11.24,19.19,131.09,AQRJanuary2022.csv,2022-01-16,1,2022,Sunday,Winter,True
8.8,78.0,9.25,19.77,145.76,AQRJanuary2022.csv,2022-01-17,1,2022,Monday,Winter,False
8.7,80.33,9.14,20.22,120.06,AQRJanuary2022.csv,2022-01-18,1,2022,Tuesday,Winter,False
8.0,83.0,8.09,19.78,81.17,AQRJanuary2022.csv,2022-01-19,1,2022,Wednesday,Winter,False
8.7,87.0,8.82,19.72,108.06,AQRJanuary2022.csv,2022-01-20,1,2022,Thursday,Winter,False
8.3,90.0,8.41,19.61,60.8,AQRJanuary2022.csv,2022-01-21,1,2022,Friday,Winter,False
8.0,93.0,8.03,18.7,20.9,AQRJanuary2022.csv,2022-01-22,1,2022,Saturday,Winter,True
7.7,89.33,8.5,19.31,25.12,AQRJanuary2022.csv,2022-01-23,1,2022,Sunday,Winter,True
7.0,87.33,7.99,18.58,39.13,AQRJanuary2022.csv,2022-01-24,1,2022,Monday,Winter,False
7.33,82.66,8.26,17.91,46.59,AQRJanuary2022.csv,2022-01-25,1,2022,Tuesday,Winter,False
7.7,72.33,8.18,18.31,53.44,AQRJanuary2022.csv,2022-01-26,1,2022,Wednesday,Winter,False
8.33,60.33,7.96,18.39,65.31,AQRJanuary2022.csv,2022-01-27,1,2022,Thursday,Winter,False
8.0,45.0,8.66,18.81,80.34,AQRJanuary2022.csv,2022-01-28,1,2022,Friday,Winter,False
8.5,52.9,9.42,19.04,125.73,AQRJanuary2022.csv,2022-01-29,1,2022,Saturday,Winter,True
8.7,55.7,9.69,19.3,90.96,AQRJanuary2022.csv,2022-01-30,1,2022,Sunday,Winter,True
9.0,63.7,10.4,20.17,102.7,AQRJanuary2022.csv,2022-01-31,1,2022,Monday,Winter,False
9.7,75.33,8.94,20.12,62.5,AQRFebruary2022.csv,2022-02-01,2,2022,Tuesday,Winter,False
9.0,77.33,8.36,20.35,61.17,AQRFebruary2022.csv,2022-02-02,2,2022,Wednesday,Winter,False
8.33,82.33,8.86,20.3,24.86,AQRFebruary2022.csv,2022-02-03,2,2022,Thursday,Winter,False
8.5,63.0,9.67,20.21,52.43,AQRFebruary2022.csv,2022-02-04,2,2022,Friday,Winter,False
8.7,71.0,10.33,20.86,66.4,AQRFebruary2022.csv,2022-02-05,2,2022,Saturday,Winter,True
9.0,75.0,9.18,20.49,73.4,AQRFebruary2022.csv,2022-02-06,2,2022,Sunday,Winter,True
9.66,65.66,9.7,19.75,38.83,AQRFebruary2022.csv,2022-02-07,2,2022,Monday,Winter,False
9.5,58.6,10.51,19.58,54.58,AQRFebruary2022.csv,2022-02-08,2,2022,Tuesday,Winter,False
9.66,56.66,8.53,18.8,26.76,AQRFebruary2022.csv,2022-02-09,2,2022,Wednesday,Winter,False
10.0,44.33,9.03,19.73,49.35,AQRFebruary2022.csv,2022-02-10,2,2022,Thursday,Winter,False
10.5,33.0,9.6,20.2,51.44,AQRFebruary2022.csv,2022-02-11,2,2022,Friday,Winter,False
11.5,42.0,10.48,20.7,78.84,AQRFebruary2022.csv,2022-02-12,2,2022,Saturday,Winter,True
12.0,46.0,11.7,20.9,70.92,AQRFebruary2022.csv,2022-02-13,2,2022,Sunday,Winter,True
12.33,51.0,11.34,21.52,68.57,AQRFebruary2022.csv,2022-02-14,2,2022,Monday,Winter,False
13.7,44.0,11.7,23.4,57.5,AQRFebruary2022.csv,2022-02-15,2,2022,Tuesday,Winter,False
14.33,36.7,11.96,20.91,63.31,AQRFebruary2022.csv,2022-02-16,2,2022,Wednesday,Winter,False
14.8,43.0,11.51,22.87,57.6,AQRFebruary2022.csv,2022-02-17,2,2022,Thursday,Winter,False
15.33,49.0,11.2,23.8,49.4,AQRFebruary2022.csv,2022-02-18,2,2022,Friday,Winter,False
15.3,36.0,10.3,20.3,23.66,AQRFebruary2022.csv,2022-02-19,2,2022,Saturday,Winter,True
15.5,38.0,10.42,20.1,226.0,AQRFebruary2022.csv,2022-02-20,2,2022,Sunday,Winter,True
15.66,51.66,11.7,20.92,39.99,AQRFebruary2022.csv,2022-02-21,2,2022,Monday,Winter,False
14.0,70.0,10.61,19.88,54.66,AQRFebruary2022.csv,2022-02-22,2,2022,Tuesday,Winter,False
14.7,86.33,9.57,25.44,45.96,AQRFebruary2022.csv,2022-02-23,2,2022,Wednesday,Winter,False
14.33,85.0,9.93,18.82,75.11,AQRFebruary2022.csv,2022-02-24,2,2022,Thursday,Winter,False
14.0,93.0,9.52,18.62,36.28,AQRFebruary2022.csv,2022-02-25,2,2022,Friday,Winter,False
14.5,90.0,9.7,18.68,41.16,AQRFebruary2022.csv,2022-02-26,2,2022,Saturday,Winter,True
15.0,61.7,9.44,18.1,41.88,AQRFebruary2022.csv,2022-02-27,2,2022,Sunday,Winter,True
15.33,44.33,11.41,23.19,45.61,AQRFebruary2022.csv,2022-02-28,2,2022,Monday,Winter,False
16.66,61.0,11.15,20.96,38.34,AQRMarch2022.csv,2022-03-01,3,2022,Tuesday,Summer,False
16.0,74.33,11.95,22.88,54.22,AQRMarch2022.csv,2022-03-02,3,2022,Wednesday,Summer,False
16.33,82.0,9.63,21.7,34.53,AQRMarch2022.csv,2022-03-03,3,2022,Thursday,Summer,False
16.5,68.0,10.98,23.8,42.33,AQRMarch2022.csv,2022-03-04,3,2022,Friday,Summer,False
15.33,83.33,10.07,19.7,32.38,AQRMarch2022.csv,2022-03-06,3,2022,Sunday,Summer,True
16.7,36.0,9.46,16.6,20.95,AQRMarch2022.csv,2022-03-07,3,2022,Monday,Summer,False
17.33,62.66,7.85,15.4,33.7,AQRMarch2022.csv,2022-03-08,3,2022,Tuesday,Summer,False
18.66,67.0,4.88,19.82,33.53,AQRMarch2022.csv,2022-03-09,3,2022,Wednesday,Summer,False
19.0,66.0,4.88,25.96,32.13,AQRMarch2022.csv,2022-03-10,3,2022,Thursday,Summer,False
19.5,59.0,7.6,26.4,47.3,AQRMarch2022.csv,2022-03-11,3,2022,Friday,Summer,False
19.7,54.0,8.57,30.6,58.73,AQRMarch2022.csv,2022-03-12,3,2022,Saturday,Summer,True
21.0,58.0,7.36,19.78,32.99,AQRMarch2022.csv,2022-03-13,3,2022,Sunday,Summer,True
21.0,36.0,11.8,18.9,22.9,AQRMarch2022.csv,2022-03-14,3,2022,Monday,Summer,False
22.0,30.0,18.6,26.4,30.6,AQRMarch2022.csv,2022-03-15,3,2022,Tuesday,Summer,False
22.0,43.0,19.4,27.3,33.8,AQRMarch2022.csv,2022-03-16,3,2022,Wednesday,Summer,False
21.0,37.0,20.6,30.4,36.87,AQRMarch2022.csv,2022-03-17,3,2022,Thursday,Summer,False
22.3,39.0,17.6,28.3,38.64,AQRMarch2022.csv,2022-03-18,3,2022,Friday,Summer,False
23.0,41.0,16.53,26.4,33.5,AQRMarch2022.csv,2022-03-19,3,2022,Saturday,Summer,True
23.33,37.0,15.6,26.82,36.4,AQRMarch2022.csv,2022-03-20,3,2022,Sunday,Summer,True
23.5,38.0,14.7,19.2,34.68,AQRMarch2022.csv,2022-03-21,3,2022,Monday,Summer,False
24.0,40.0,14.33,19.6,33.5,AQRMarch2022.csv,2022-03-22,3,2022,Tuesday,Summer,False
24.5,43.0,13.1,19.3,33.2,AQRMarch2022.csv,2022-03-23,3,2022,Wednesday,Summer,False
25.2,49.2,9.0,20.14,28.27,AQRMarch2022.csv,2022-03-24,3,2022,Thursday,Summer,False
25.0,43.2,12.66,27.33,26.11,AQRMarch2022.csv,2022-03-25,3,2022,Friday,Summer,False
25.3,41.6,12.82,28.4,26.74,AQRMarch2022.csv,2022-03-26,3,2022,Saturday,Summer,True
26.66,39.33,14.64,31.79,27.8,AQRMarch2022.csv,2022-03-27,3,2022,Sunday,Summer,True
26.0,37.66,15.73,34.72,50.81,AQRMarch2022.csv,2022-03-28,3,2022,Monday,Summer,False
26.66,37.66,13.48,35.36,63.72,AQRMarch2022.csv,2022-03-29,3,2022,Tuesday,Summer,False
26.7,39.0,14.97,36.93,69.69,AQRMarch2022.csv,2022-03-30,3,2022,Wednesday,Summer,False
27.0,31.66,11.03,37.73,53.46,AQRMarch2022.csv,2022-03-31,3,2022,Thursday,Summer,False
26.7,30.0,11.6,25.6,36.8,AQRApril2022.csv,2022-04-01,4,2022,Friday,Summer,False
27.0,31.6,14.8,22.47,26.88,AQRApril2022.csv,2022-04-02,4,2022,Saturday,Summer,True
27.33,29.66,10.94,20.33,25.44,AQRApril2022.csv,2022-04-03,4,2022,Sunday,Summer,True
27.33,28.66,11.3,23.75,33.24,AQRApril2022.csv,2022-04-04,4,2022,Monday,Summer,False
27.0,29.66,10.9,23.03,28.6,AQRApril2022.csv,2022-04-05,4,2022,Tuesday,Summer,False
27.33,28.0,11.54,23.8,27.43,AQRApril2022.csv,2022-04-06,4,2022,Wednesday,Summer,False
28.0,28.0,12.83,23.27,28.55,AQRApril2022.csv,2022-04-07,4,2022,Thursday,Summer,False
27.6,30.0,10.4,20.6,32.7,AQRApril2022.csv,2022-04-08,4,2022,Friday,Summer,False
27.0,29.0,9.1,20.21,31.4,AQRApril2022.csv,2022-04-09,4,2022,Saturday,Summer,True
28.33,26.7,11.88,24.16,31.5,AQRApril2022.csv,2022-04-10,4,2022,Sunday,Summer,True
28.33,27.0,9.923,22.87,30.32,AQRApril2022.csv,2022-04-11,4,2022,Monday,Summer,False
27.33,41.33,9.78,22.97,33.67,AQRApril2022.csv,2022-04-12,4,2022,Tuesday,Summer,False
27.66,44.33,9.78,22.9,28.7,AQRApril2022.csv,2022-04-13,4,2022,Wednesday,Summer,False
28.0,37.0,9.71,21.38,18.61,AQRApril2022.csv,2022-04-14,4,2022,Thursday,Summer,False
27.66,31.33,9.04,20.53,17.31,AQRApril2022.csv,2022-04-15,4,2022,Friday,Summer,False
28.0,32.5,9.2,20.4,19.3,AQRApril2022.csv,2022-04-16,4,2022,Saturday,Summer,True
29.0,34.33,9.48,19.7,24.36,AQRApril2022.csv,2022-04-17,4,2022,Sunday,Summer,True
28.33,41.0,9.2,22.12,31.03,AQRApril2022.csv,2022-04-18,4,2022,Monday,Summer,False
28.33,48.0,8.53,21.53,24.6,AQRApril2022.csv,2022-04-19,4,2022,Tuesday,Summer,False
28.0,46.33,8.21,19.81,20.94,AQRApril2022.csv,2022-04-20,4,2022,Wednesday,Summer,False
27.33,46.0,9.7,19.64,13.2,AQRApril2022.csv,2022-04-21,4,2022,Thursday,Summer,False
27.0,47.66,8.64,18.16,16.78,AQRApril2022.csv,2022-04-22,4,2022,Friday,Summer,False
27.5,43.0,7.22,18.64,21.2,AQRApril2022.csv,2022-04-23,4,2022,Saturday,Summer,True
27.66,45.7,6.85,18.8,12.6,AQRApril2022.csv,2022-04-24,4,2022,Sunday,Summer,True
28.66,37.33,6.57,21.55,12.73,AQRApril2022.csv,2022-04-25,4,2022,Monday,Summer,False
29.66,35.0,6.57,20.46,17.63,AQRApril2022.csv,2022-04-26,4,2022,Tuesday,Summer,False
30.7,34.33,6.04,18.6,16.6,AQRApril2022.csv,2022-04-27,4,2022,Wednesday,Summer,False
31.66,37.33,6.53,19.16,27.13,AQRApril2022.csv,2022-04-28,4,2022,Thursday,Summer,False
32.7,35.33,5.7,18.8,15.18,AQRApril2022.csv,2022-04-29,4,2022,Friday,Summer,False
28.0,38.6,6.22,19.53,16.4,AQRApril2022.csv,2022-04-30,4,2022,Saturday,Summer,True
30.66,43.0,7.6,18.4,21.3,AQRMay2022.csv,2022-05-02,5,2022,Monday,Summer,False
30.0,40.0,6.35,16.8,17.0,AQRMay2022.csv,2022-05-03,5,2022,Tuesday,Summer,False
29.3,38.0,6.2,17.2,18.4,AQRMay2022.csv,2022-05-04,5,2022,Wednesday,Summer,False
27.1,36.9,4.0,15.83,12.13,AQRMay2022.csv,2022-05-05,5,2022,Thursday,Summer,False
28.4,37.87,5.3,17.07,16.13,AQRMay2022.csv,2022-05-06,5,2022,Friday,Summer,False
28.0,28.0,12.83,23.27,28.55,AQRMay2022.csv,2022-05-07,5,2022,Saturday,Summer,True
33.0,32.7,5.87,17.45,16.27,AQRMay2022.csv,2022-05-08,5,2022,Sunday,Summer,True
32.0,41.0,5.29,15.5,19.66,AQRMay2022.csv,2022-05-09,5,2022,Monday,Summer,False
34.33,31.33,5.24,14.13,15.7,AQRMay2022.csv,2022-05-10,5,2022,Tuesday,Summer,False
35.33,29.0,5.86,15.54,33.73,AQRMay2022.csv,2022-05-11,5,2022,Wednesday,Summer,False
36.0,29.0,6.12,15.81,25.33,AQRMay2022.csv,2022-05-12,5,2022,Thursday,Summer,False
36.7,25.33,5.69,16.04,24.2,AQRMay2022.csv,2022-05-13,5,2022,Friday,Summer,False
37.0,22.0,5.53,16.33,27.0,AQRMay2022.csv,2022-05-14,5,2022,Saturday,Summer,True
37.0,30.7,5.74,17.79,17.2,AQRMay2022.csv,2022-05-15,5,2022,Sunday,Summer,True
35.66,30.33,6.11,19.14,29.46,AQRMay2022.csv,2022-05-16,5,2022,Monday,Summer,False
34.7,34.33,6.06,18.71,28.06,AQRMay2022.csv,2022-05-17,5,2022,Tuesday,Summer,False
34.33,35.33,5.97,20.16,25.0,AQRMay2022.csv,2022-05-18,5,2022,Wednesday,Summer,False
34.33,36.0,5.5,19.8,28.83,AQRMay2022.csv,2022-05-19,5,2022,Thursday,Summer,False
34.0,33.33,5.83,18.7,19.96,AQRMay2022.csv,2022-05-20,5,2022,Friday,Summer,False
35.0,21.0,5.44,18.83,23.0,AQRMay2022.csv,2022-05-21,5,2022,Saturday,Summer,True
30.66,41.7,5.37,16.96,12.23,AQRMay2022.csv,2022-05-22,5,2022,Sunday,Summer,True
29.33,46.0,5.44,14.97,12.23,AQRMay2022.csv,2022-05-23,5,2022,Monday,Summer,False
30.0,46.0,5.3,14.33,12.25,AQRMay2022.csv,2022-05-24,5,2022,Tuesday,Summer,False
32.0,35.0,5.54,17.0,22.25,AQRMay2022.csv,2022-05-25,5,2022,Wednesday,Summer,False
31.7,33.33,6.43,22.05,39.33,AQRMay2022.csv,2022-05-26,5,2022,Thursday,Summer,False
31.33,46.0,5.37,20.23,28.33,AQRMay2022.csv,2022-05-27,5,2022,Friday,Summer,False
31.0,47.0,5.4,20.4,25.0,AQRMay2022.csv,2022-05-28,5,2022,Saturday,Summer,True
34.66,38.0,5.39,19.6,24.33,AQRMay2022.csv,2022-05-29,5,2022,Sunday,Summer,True
34.33,38.77,5.07,19.6,21.66,AQRMay2022.csv,2022-05-30,5,2022,Monday,Summer,False
33.33,39.7,4.42,18.43,26.63,AQRMay2022.csv,2022-05-31,5,2022,Tuesday,Summer,False
32.0,36.66,4.61,16.44,22.66,AQRJune2022.csv,2022-06-01,6,2022,Wednesday,Summer,False
33.7,32.33,4.2,15.57,12.46,AQRJune2022.csv,2022-06-02,6,2022,Thursday,Summer,False
34.0,26.33,4.23,14.1,13.86,AQRJune2022.csv,2022-06-03,6,2022,Friday,Summer,False
30.33,72.0,3.81,12.23,16.0,AQRJuly2022.csv,2022-06-04,6,2022,Saturday,Summer,True
35.7,18.33,4.41,14.68,23.43,AQRJune2022.csv,2022-06-05,6,2022,Sunday,Summer,True
37.0,17.0,4.72,15.6,26.3,AQRJune2022.csv,2022-06-06,6,2022,Monday,Summer,False
37.33,20.66,5.07,16.09,35.76,AQRJune2022.csv,2022-06-07,6,2022,Tuesday,Summer,False
38.0,19.4,4.86,17.3,47.0,AQRJune2022.csv,2022-06-08,6,2022,Wednesday,Summer,False
37.63,19.83,5.57,16.2,34.98,AQRJune2022.csv,2022-06-09,6,2022,Thursday,Summer,False
38.0,20.0,4.41,15.11,21.0,AQRJune2022.csv,2022-06-10,6,2022,Friday,Summer,False
37.0,25.0,4.43,15.3,22.7,AQRJune2022.csv,2022-06-11,6,2022,Saturday,Summer,True
33.66,31.0,4.63,13.3,29.46,AQRJune2022.csv,2022-06-12,6,2022,Sunday,Summer,True
34.17,23.0,5.4,12.97,26.17,AQRJune2022.csv,2022-06-13,6,2022,Monday,Summer,False
34.66,22.0,4.72,14.07,35.0,AQRJune2022.csv,2022-06-14,6,2022,Tuesday,Summer,False
36.33,25.66,4.77,15.56,49.33,AQRJune2022.csv,2022-06-15,6,2022,Wednesday,Summer,False
31.33,57.33,4.33,13.31,16.33,AQRJune2022.csv,2022-06-16,6,2022,Thursday,Summer,False
34.7,34.33,6.06,18.71,28.06,AQRJune2022.csv,2022-06-17,6,2022,Friday,Summer,False
34.33,35.33,5.97,20.16,25.0,AQRJune2022.csv,2022-06-18,6,2022,Saturday,Summer,True
30.0,79.0,3.99,11.33,11.33,AQRJune2022.csv,2022-06-19,6,2022,Sunday,Summer,True
26.0,77.7,3.83,11.76,12.16,AQRJune2022.csv,2022-06-20,6,2022,Monday,Summer,False
24.0,76.0,3.9,12.53,10.93,AQRJune2022.csv,2022-06-21,6,2022,Tuesday,Summer,False
26.0,62.0,3.96,12.95,15.0,AQRJune2022.csv,2022-06-22,6,2022,Wednesday,Summer,False
27.66,50.33,3.91,13.07,15.76,AQRJune2022.csv,2022-06-23,6,2022,Thursday,Summer,False
27.66,50.33,3.91,13.07,15.76,AQRJune2022.csv,2022-06-24,6,2022,Friday,Summer,False
34.0,52.0,4.18,13.2,20.6,AQRJune2022.csv,2022-06-25,6,2022,Saturday,Summer,True
35.33,41.0,4.37,13.4,26.14,AQRJune2022.csv,2022-06-26,6,2022,Sunday,Summer,True
36.33,34.66,4.46,13.92,29.53,AQRJune2022.csv,2022-06-27,6,2022,Monday,Summer,False
36.7,40.7,4.65,18.37,34.1,AQRJune2022.csv,2022-06-28,6,2022,Tuesday,Summer,False
36.0,43.0,4.43,17.81,39.4,AQRJune2022.csv,2022-06-29,6,2022,Wednesday,Summer,False
33.7,58.7,4.2,16.43,34.66,AQRJune2022.csv,2022-06-30,6,2022,Thursday,Summer,False
31.0,68.0,3.72,12.4,11.5,AQRJuly2022.csv,2022-07-01,7,2022,Friday,Summer,False
31.5,66.0,3.6,13.6,15.6,AQRJuly2022.csv,2022-07-02,7,2022,Saturday,Summer,True
31.7,61.7,4.02,16.03,28.2,AQRJuly2022.csv,2022-07-03,7,2022,Sunday,Summer,True
30.7,82.7,3.94,13.15,30.8,AQRJuly2022.csv,2022-07-05,7,2022,Tuesday,Summer,False
30.0,72.0,3.96,13.4,24.0,AQRJuly2022.csv,2022-07-06,7,2022,Wednesday,Summer,False
30.33,56.0,3.78,11.6,21.0,AQRJuly2022.csv,2022-07-07,7,2022,Thursday,Summer,False
31.0,58.0,4.07,13.4,24.0,AQRJuly2022.csv,2022-07-08,7,2022,Friday,Summer,False
31.5,61.0,3.87,13.12,22.0,AQRJuly2022.csv,2022-07-09,7,2022,Saturday,Summer,True
31.0,73.0,4.13,12.5,24.0,AQRJuly2022.csv,2022-07-10,7,2022,Sunday,Summer,True
30.5,76.0,4.05,13.1,27.0,AQRJuly2022.csv,2022-07-11,7,2022,Monday,Summer,False
30.33,77.66,3.89,12.4,19.33,AQRJuly2022.csv,2022-07-12,7,2022,Tuesday,Summer,False
28.33,84.33,3.43,11.42,12.0,AQRJuly2022.csv,2022-07-13,7,2022,Wednesday,Summer,False
29.33,73.7,3.47,11.63,13.7,AQRJuly2022.csv,2022-07-14,7,2022,Thursday,Summer,False
28.5,78.0,3.2,11.2,12.6,AQRJuly2022.csv,2022-07-15,7,2022,Friday,Summer,False
30.0,69.0,3.24,10.4,10.0,AQRJuly2022.csv,2022-07-16,7,2022,Saturday,Summer,True
30.33,62.7,3.41,12.32,20.56,AQRJuly2022.csv,2022-07-17,7,2022,Sunday,Summer,True
32.0,61.0,3.24,12.95,21.0,AQRJuly2022.csv,2022-07-18,7,2022,Monday,Summer,False
33.0,64.0,3.3,12.56,16.0,AQRJuly2022.csv,2022-07-19,7,2022,Tuesday,Summer,False
28.7,87.0,3.23,12.43,14.33,AQRJuly2022.csv,2022-07-20,7,2022,Wednesday,Summer,False
28.33,88.33,3.24,11.7,9.66,AQRJuly2022.csv,2022-07-21,7,2022,Thursday,Summer,False
28.0,77.0,3.3,10.45,10.0,AQRJuly2022.csv,2022-07-22,7,2022,Friday,Summer,False
28.5,64.0,3.51,10.6,13.9,AQRJuly2022.csv,2022-07-23,7,2022,Saturday,Summer,True
27.66,50.33,3.91,13.07,15.76,AQRJuly2022.csv,2022-07-24,7,2022,Sunday,Summer,True
30.0,83.0,3.63,12.3,23.0,AQRJuly2022.csv,2022-07-25,7,2022,Monday,Summer,False
29.0,81.0,3.54,11.12,15.33,AQRJuly2022.csv,2022-07-26,7,2022,Tuesday,Summer,False
27.33,83.0,3.62,10.71,15.66,AQRJuly2022.csv,2022-07-27,7,2022,Wednesday,Summer,False
27.0,85.7,3.64,12.52,21.33,AQRJuly2022.csv,2022-07-28,7,2022,Thursday,Summer,False
26.0,98.0,3.05,11.2,12.0,AQRJuly2022.csv,2022-07-29,7,2022,Friday,Summer,False
26.5,92.0,3.45,11.47,20.0,AQRJuly2022.csv,2022-07-30,7,2022,Saturday,Summer,True
26.0,89.0,2.87,9.88,8.66,AQRJuly2022.csv,2022-07-31,7,2022,Sunday,Summer,True
28.33,80.0,3.24,8.85,4.66,AQR20augsut202022.csv,2022-08-01,8,2022,Monday,Summer,False
29.0,73.0,3.15,8.8,14.33,AQR20augsut202022.csv,2022-08-02,8,2022,Tuesday,Summer,False
30.0,64.33,3.56,10.3,21.0,AQR20augsut202022.csv,2022-08-03,8,2022,Wednesday,Summer,False
31.0,69.33,3.47,11.0,21.0,AQR20augsut202022.csv,2022-08-04,8,2022,Thursday,Summer,False
30.0,82.0,3.8,12.6,27.0,AQR20augsut202022.csv,2022-08-05,8,2022,Friday,Summer,False
30.3,73.0,3.6,12.51,25.1,AQR20augsut202022.csv,2022-08-06,8,2022,Saturday,Summer,True
31.0,63.0,3.5,11.8,21.0,AQR20augsut202022.csv,2022-08-07,8,2022,Sunday,Summer,True
30.5,58.0,4.2,13.4,28.0,AQR20augsut202022.csv,2022-08-08,8,2022,Monday,Summer,False
31.33,61.0,3.96,12.02,24.03,AQR20augsut202022.csv,2022-08-09,8,2022,Tuesday,Summer,False
32.33,62.66,3.92,12.78,23.6,AQR20augsut202022.csv,2022-08-10,8,2022,Wednesday,Summer,False
28.33,79.33,3.96,11.81,16.0,AQR20augsut202022.csv,2022-08-11,8,2022,Thursday,Summer,False
28.0,65.0,3.61,12.3,19.6,AQR20augsut202022.csv,2022-08-12,8,2022,Friday,Summer,False
25.5,68.0,3.24,12.8,24.7,AQR20augsut202022.csv,2022-08-13,8,2022,Saturday,Summer,True
28.0,80.0,3.8,12.27,22.6,AQR20augsut202022.csv,2022-08-14,8,2022,Sunday,Summer,True
27.33,79.66,3.7,12.17,14.23,AQR20augsut202022.csv,2022-08-15,8,2022,Monday,Summer,False
27.66,82.0,3.42,12.06,17.6,AQR20augsut202022.csv,2022-08-16,8,2022,Tuesday,Summer,False
27.0,82.33,3.5,11.6,17.5,AQR20augsut202022.csv,2022-08-17,8,2022,Wednesday,Summer,False
29.3,79.5,3.7,11.77,20.17,AQR20augsut202022.csv,2022-08-18,8,2022,Thursday,Summer,False
30.0,80.3,3.1,11.4,21.2,AQR20augsut202022.csv,2022-08-19,8,2022,Friday,Summer,False
30.5,76.2,3.02,11.54,22.7,AQR20augsut202022.csv,2022-08-20,8,2022,Saturday,Summer,True
28.0,82.17,3.2,10.13,18.17,AQR20augsut202022.csv,2022-08-21,8,2022,Sunday,Summer,True
22.0,74.67,4.0,10.77,20.67,AQR20augsut202022.csv,2022-08-22,8,2022,Monday,Summer,False
28.13,75.67,3.9,10.73,21.07,AQR20augsut202022.csv,2022-08-23,8,2022,Tuesday,Summer,False
27.1,77.0,3.6,9.83,18.7,AQR20augsut202022.csv,2022-08-24,8,2022,Wednesday,Summer,False
26.1,78.0,3.37,8.67,16.27,AQR20augsut202022.csv,2022-08-25,8,2022,Thursday,Summer,False
27.0,74.0,3.27,10.6,18.9,AQR20augsut202022.csv,2022-08-26,8,2022,Friday,Summer,False
29.0,72.0,3.21,10.81,21.6,AQR20augsut202022.csv,2022-08-27,8,2022,Saturday,Summer,True
28.07,70.73,3.3,7.83,16.1,AQR20augsut202022.csv,2022-08-28,8,2022,Sunday,Summer,True
28.53,71.07,4.6,9.13,19.33,AQR20augsut202022.csv,2022-08-29,8,2022,Monday,Summer,False
30.0,66.67,5.2,9.5,20.27,AQR20augsut202022.csv,2022-08-30,8,2022,Tuesday,Summer,False
30.42,63.33,5.9,10.1,22.0,AQR20augsut202022.csv,2022-08-31,8,2022,Wednesday,Summer,False
27.6,65.0,2.8,12.2,12.8,AQR20October2022.csv,2022-10-01,10,2022,Saturday,Summer,True
27.0,74.66,2.73,11.63,12.66,AQR20October2022.csv,2022-10-02,10,2022,Sunday,Summer,True
27.0,72.0,2.73,13.47,23.0,AQR20October2022.csv,2022-10-03,10,2022,Monday,Summer,False
27.6,56.6,2.73,13.13,18.0,AQR20October2022.csv,2022-10-04,10,2022,Tuesday,Summer,False
28.0,51.33,2.91,13.76,25.7,AQR20October2022.csv,2022-10-05,10,2022,Wednesday,Summer,False
26.33,64.0,2.8,13.83,14.26,AQR20October2022.csv,2022-10-06,10,2022,Thursday,Summer,False
27.0,58.0,2.94,14.7,17.0,AQR20October2022.csv,2022-10-07,10,2022,Friday,Summer,False
26.0,60.0,3.3,15.6,21.2,AQR20October2022.csv,2022-10-08,10,2022,Saturday,Summer,True
25.0,62.0,4.05,18.0,29.53,AQR20October2022.csv,2022-10-09,10,2022,Sunday,Summer,True
24.33,65.0,4.23,21.12,32.33,AQR20October2022.csv,2022-10-10,10,2022,Monday,Summer,False
24.0,70.33,4.31,21.65,31.7,AQR20October2022.csv,2022-10-11,10,2022,Tuesday,Summer,False
24.0,61.33,3.83,17.33,19.0,AQR20October2022.csv,2022-10-12,10,2022,Wednesday,Summer,False
23.5,57.0,3.91,18.7,27.0,AQR20October2022.csv,2022-10-13,10,2022,Thursday,Summer,False
23.0,56.0,3.92,19.2,29.0,AQR20October2022.csv,2022-10-14,10,2022,Friday,Summer,False
23.0,54.0,3.45,19.4,27.2,AQR20October2022.csv,2022-10-15,10,2022,Saturday,Summer,True
23.0,54.33,3.55,17.03,23.2,AQR20October2022.csv,2022-10-16,10,2022,Sunday,Summer,True
23.0,51.66,3.69,17.42,28.26,AQR20October2022.csv,2022-10-17,10,2022,Monday,Summer,False
22.5,50.8,3.5,18.4,29.4,AQR20October2022.csv,2022-10-18,10,2022,Tuesday,Summer,False
22.3,48.0,3.71,18.53,24.33,AQR20October2022.csv,2022-10-19,10,2022,Wednesday,Summer,False
21.7,59.66,3.54,15.9,17.0,AQR20October2022.csv,2022-10-20,10,2022,Thursday,Summer,False
21.33,56.0,3.65,16.8,21.0,AQR20October2022.csv,2022-10-21,10,2022,Friday,Summer,False
21.0,47.0,3.68,17.5,22.6,AQR20October2022.csv,2022-10-22,10,2022,Saturday,Summer,True
20.7,43.0,3.57,17.3,21.8,AQR20October2022.csv,2022-10-23,10,2022,Sunday,Summer,True
20.66,40.33,3.72,16.56,24.66,AQR20October2022.csv,2022-10-24,10,2022,Monday,Summer,False
21.7,42.33,3.47,16.83,26.7,AQR20October2022.csv,2022-10-25,10,2022,Tuesday,Summer,False
21.0,48.0,3.72,17.8,28.0,AQR20October2022.csv,2022-10-26,10,2022,Wednesday,Summer,False
22.0,42.7,3.83,18.1,28.0,AQR20October2022.csv,2022-10-27,10,2022,Thursday,Summer,False
21.0,38.0,3.9,19.2,32.0,AQR20October2022.csv,2022-10-28,10,2022,Friday,Summer,False
21.7,42.0,4.17,21.8,34.0,AQR20October2022.csv,2022-10-29,10,2022,Saturday,Summer,True
22.0,46.33,4.32,23.16,42.0,AQR20October2022.csv,2022-10-30,10,2022,Sunday,Summer,True
21.7,46.33,4.93,24.5,51.0,AQR20October2022.csv,2022-10-31,10,2022,Monday,Summer,False
15.0,42.0,5.2,23.6,35.6,AQR20December2022.csv,2022-12-01,12,2022,Thursday,Winter,False
15.6,57.0,5.4,28.7,51.0,AQR20December2022.csv,2022-12-02,12,2022,Friday,Winter,False
15.33,56.0,5.5,30.6,68.9,AQR20December2022.csv,2022-12-03,12,2022,Saturday,Winter,True
15.33,58.0,5.4,31.8,75.3,AQR20December2022.csv,2022-12-04,12,2022,Sunday,Winter,True
15.0,53.7,7.23,30.36,92.03,AQR20December2022.csv,2022-12-05,12,2022,Monday,Winter,False
14.33,47.0,7.56,30.63,65.16,AQR20December2022.csv,2022-12-06,12,2022,Tuesday,Winter,False
14.7,46.0,8.99,32.3,66.8,AQR20December2022.csv,2022-12-07,12,2022,Wednesday,Winter,False
15.0,48.0,10.3,34.6,70.6,AQR20December2022.csv,2022-12-08,12,2022,Thursday,Winter,False
14.3,50.0,9.53,31.4,57.8,AQR20December2022.csv,2022-12-09,12,2022,Friday,Winter,False
14.0,52.0,9.33,30.1,46.2,AQR20December2022.csv,2022-12-10,12,2022,Saturday,Winter,True
13.7,51.0,11.7,32.9,52.46,AQR20December2022.csv,2022-12-11,12,2022,Sunday,Winter,True
13.6,52.7,12.9,33.3,53.86,AQR20December2022.csv,2022-12-12,12,2022,Monday,Winter,False
13.0,50.7,11.33,29.46,45.3,AQR20December2022.csv,2022-12-13,12,2022,Tuesday,Winter,False
13.7,48.0,10.9,28.66,43.7,AQR20December2022.csv,2022-12-14,12,2022,Wednesday,Winter,False
13.7,42.0,11.3,28.9,45.9,AQR20December2022.csv,2022-12-15,12,2022,Thursday,Winter,False
13.3,39.0,11.6,31.22,49.5,AQR20December2022.csv,2022-12-16,12,2022,Friday,Winter,False
13.0,37.0,12.7,31.7,57.6,AQR20December2022.csv,2022-12-17,12,2022,Saturday,Winter,True
12.7,40.0,13.55,33.8,72.0,AQR20December2022.csv,2022-12-18,12,2022,Sunday,Winter,True
12.7,42.66,15.93,31.83,70.33,AQR20December2022.csv,2022-12-19,12,2022,Monday,Winter,False
13.0,43.0,14.6,33.8,84.3,AQR20December2022.csv,2022-12-20,12,2022,Tuesday,Winter,False
13.0,45.0,15.7,35.6,89.5,AQR20December2022.csv,2022-12-21,12,2022,Wednesday,Winter,False
12.7,54.0,14.3,33.5,80.0,AQR20December2022.csv,2022-12-22,12,2022,Thursday,Winter,False
12.7,47.0,14.56,33.84,81.0,AQR20December2022.csv,2022-12-23,12,2022,Friday,Winter,False
12.33,42.0,13.7,32.6,74.0,AQR20December2022.csv,2022-12-24,12,2022,Saturday,Winter,True
12.33,40.0,15.2,39.7,96.3,AQR20December2022.csv,2022-12-25,12,2022,Sunday,Winter,True
12.0,45.0,14.81,38.6,90.0,AQR20December2022.csv,2022-12-26,12,2022,Monday,Winter,False
12.0,48.0,13.6,33.21,73.6,AQR20December2022.csv,2022-12-27,12,2022,Tuesday,Winter,False
12.0,50.0,13.8,31.7,72.4,AQR20December2022.csv,2022-12-28,12,2022,Wednesday,Winter,False
11.7,54.0,14.3,32.6,80.0,AQR20December2022.csv,2022-12-29,12,2022,Thursday,Winter,False
11.7,73.0,12.4,31.6,47.8,AQR20December2022.csv,2022-12-30,12,2022,Friday,Winter,False
11.33,70.0,11.3,29.4,40.2,AQR20December2022.csv,2022-12-31,12,2022,Saturday,Winter,True
11.66,44.0,14.9,48.7,63.1,AQR20January2023.csv,2023-01-01,1,2023,Sunday,Winter,True
11.66,40.0,15.22,49.5,65.0,AQR20January2023.csv,2023-01-02,1,2023,Monday,Winter,False
12.0,37.6,16.8,52.6,112.0,AQR20January2023.csv,2023-01-03,1,2023,Tuesday,Winter,False
12.66,35.2,15.3,53.6,74.0,AQR20January2023.csv,2023-01-04,1,2023,Wednesday,Winter,False
13.0,33.66,15.9,58.23,71.64,AQR20January2023.csv,2023-01-05,1,2023,Thursday,Winter,False
14.0,36.0,16.4,56.4,85.0,AQR20January2023.csv,2023-01-06,1,2023,Friday,Winter,False
14.33,38.0,17.33,54.3,102.3,AQR20January2023.csv,2023-01-07,1,2023,Saturday,Winter,True
14.66,43.6,16.8,52.1,97.5,AQR20January2023.csv,2023-01-08,1,2023,Sunday,Winter,True
15.33,49.33,13.63,34.1,62.7,AQR20January2023.csv,2023-01-09,1,2023,Monday,Winter,False
13.0,66.0,12.8,41.3,70.4,AQR20January2023.csv,2023-01-10,1,2023,Tuesday,Winter,False
10.66,78.0,11.9,33.4,42.0,AQR20January2023.csv,2023-01-11,1,2023,Wednesday,Winter,False
10.33,72.0,12.4,33.5,43.0,AQR20January2023.csv,2023-01-12,1,2023,Thursday,Winter,False
10.0,64.0,13.8,34.6,59.6,AQR20January2023.csv,2023-01-13,1,2023,Friday,Winter,False
9.33,60.0,13.64,33.7,57.2,AQR20January2023.csv,2023-01-14,1,2023,Saturday,Winter,True
8.0,46.0,12.7,31.4,46.7,AQR20January2023.csv,2023-01-15,1,2023,Sunday,Winter,True
8.33,41.0,14.73,33.2,50.53,AQR20January2023.csv,2023-01-16,1,2023,Monday,Winter,False
8.7,41.0,13.04,31.7,45.5,AQR20January2023.csv,2023-01-17,1,2023,Tuesday,Winter,False
8.7,40.0,14.3,35.6,72.0,AQR20January2023.csv,2023-01-18,1,2023,Wednesday,Winter,False
9.0,44.7,11.56,31.4,44.0,AQR20January2023.csv,2023-01-19,1,2023,Thursday,Winter,False
9.0,50.0,11.2,30.1,40.0,AQR20January2023.csv,2023-01-20,1,2023,Friday,Winter,False
9.0,66.0,10.6,28.6,28.1,AQR20January2023.csv,2023-01-21,1,2023,Saturday,Winter,True
8.7,60.0,10.91,31.6,51.4,AQR20January2023.csv,2023-01-22,1,2023,Sunday,Winter,True
8.7,58.0,12.3,35.3,75.0,AQR20January2023.csv,2023-01-23,1,2023,Monday,Winter,False
8.33,55.0,14.6,37.68,90.0,AQR20January2023.csv,2023-01-24,1,2023,Tuesday,Winter,False
8.33,53.5,13.2,35.4,82.0,AQR20January2023.csv,2023-01-25,1,2023,Wednesday,Winter,False
8.6,50.0,13.6,33.7,72.0,AQR20January2023.csv,2023-01-26,1,2023,Thursday,Winter,False
9.0,49.0,14.7,34.5,84.0,AQR20January2023.csv,2023-01-27,1,2023,Friday,Winter,False
9.6,67.0,13.8,30.9,62.0,AQR20January2023.csv,2023-01-28,1,2023,Saturday,Winter,True
10.0,61.0,11.2,26.8,35.0,AQR20January2023.csv,2023-01-29,1,2023,Sunday,Winter,True
10.33,57.7,8.9,20.13,23.0,AQR20January2023.csv,2023-01-30,1,2023,Monday,Winter,False
10.7,56.0,10.34,24.67,42.7,AQR20January2023.csv,2023-01-31,1,2023,Tuesday,Winter,False
12.0,42.0,9.88,23.7,43.7,AQR20February2023.csv,2023-02-01,2,2023,Wednesday,Winter,False
13.33,44.33,10.9,24.83,48.33,AQR20February2023.csv,2023-02-02,2,2023,Thursday,Winter,False
13.0,46.0,12.6,29.4,70.3,AQR20February2023.csv,2023-02-03,2,2023,Friday,Winter,False
14.0,60.0,9.74,23.6,41.8,AQR20February2023.csv,2023-02-04,2,2023,Saturday,Winter,True
14.0,60.0,10.2,24.11,43.9,AQR20February2023.csv,2023-02-05,2,2023,Sunday,Winter,True
12.7,56.7,8.62,22.53,16.56,AQR20February2023.csv,2023-02-06,2,2023,Monday,Winter,False
13.33,47.7,7.77,18.2,19.4,AQR20February2023.csv,2023-02-07,2,2023,Tuesday,Winter,False
12.0,52.0,7.58,17.1,27.0,AQR20February2023.csv,2023-02-08,2,2023,Wednesday,Winter,False
10.33,59.33,7.04,15.83,17.4,AQR20February2023.csv,2023-02-09,2,2023,Thursday,Winter,False
10.66,67.0,7.3,23.1,32.0,AQR20February2023.csv,2023-02-10,2,2023,Friday,Winter,False
10.66,70.0,7.2,22.8,22.1,AQR20February2023.csv,2023-02-11,2,2023,Saturday,Winter,True
11.0,32.0,7.16,22.6,19.33,AQR20February2023.csv,2023-02-12,2,2023,Sunday,Winter,True
11.66,34.0,6.9,20.5,21.5,AQR20February2023.csv,2023-02-13,2,2023,Monday,Winter,False
13.0,34.33,7.16,27.4,43.7,AQR20February2023.csv,2023-02-14,2,2023,Tuesday,Winter,False
13.0,42.0,7.33,21.2,28.9,AQR20February2023.csv,2023-02-15,2,2023,Wednesday,Winter,False
13.33,43.0,8.1,28.1,70.0,AQR20February2023.csv,2023-02-16,2,2023,Thursday,Winter,False
13.66,39.0,8.6,28.3,73.8,AQR20February2023.csv,2023-02-17,2,2023,Friday,Winter,False
14.33,40.0,7.6,27.75,66.8,AQR20February2023.csv,2023-02-18,2,2023,Saturday,Winter,True
14.33,63.0,6.73,27.3,60.0,AQR20February2023.csv,2023-02-19,2,2023,Sunday,Winter,True
15.0,54.0,6.88,25.9,71.0,AQR20February2023.csv,2023-02-20,2,2023,Monday,Winter,False
15.7,43.33,6.7,19.2,20.66,AQR20February2023.csv,2023-02-21,2,2023,Tuesday,Winter,False
15.33,46.0,6.2,20.1,18.0,AQR20February2023.csv,2023-02-22,2,2023,Wednesday,Winter,False
15.0,47.0,6.5,21.46,22.7,AQR20February2023.csv,2023-02-23,2,2023,Thursday,Winter,False
15.66,51.0,5.8,23.8,41.33,AQR20February2023.csv,2023-02-24,2,2023,Friday,Winter,False
15.66,56.0,5.6,21.9,26.0,AQR20February2023.csv,2023-02-25,2,2023,Saturday,Winter,True
16.0,49.33,5.43,19.96,18.33,AQR20February2023.csv,2023-02-26,2,2023,Sunday,Winter,True
15.0,51.0,5.22,19.51,23.0,AQR20February2023.csv,2023-02-27,2,2023,Monday,Winter,False
14.66,55.7,5.14,19.2,21.0,AQR20February2023.csv,2023-02-28,2,2023,Tuesday,Winter,False
16.0,63.0,4.7,20.7,23.0,AQR20Marc2023.csv,2023-03-01,3,2023,Wednesday,Summer,False
15.0,59.77,5.36,20.4,22.0,AQR20Marc2023.csv,2023-03-02,3,2023,Thursday,Summer,False
16.0,47.0,5.41,22.9,29.0,AQR20Marc2023.csv,2023-03-03,3,2023,Friday,Summer,False
16.33,42.0,4.8,21.8,24.0,AQR20Marc2023.csv,2023-03-04,3,2023,Saturday,Summer,True
16.66,41.0,4.3,19.0,18.0,AQR20Marc2023.csv,2023-03-05,3,2023,Sunday,Summer,True
17.0,37.0,5.03,18.56,18.6,AQR20Marc2023.csv,2023-03-06,3,2023,Monday,Summer,False
17.33,32.33,5.0,18.23,18.83,AQR20Marc2023.csv,2023-03-07,3,2023,Tuesday,Summer,False
18.33,32.33,4.78,17.7,17.71,AQR20Marc2023.csv,2023-03-08,3,2023,Wednesday,Summer,False
18.33,38.0,5.1,23.9,33.4,AQR20Marc2023.csv,2023-03-09,3,2023,Thursday,Summer,False
18.0,36.0,5.04,24.5,31.5,AQR20Marc2023.csv,2023-03-10,3,2023,Friday,Summer,False
18.33,39.0,5.3,24.7,33.6,AQR20Marc2023.csv,2023-03-11,3,2023,Saturday,Summer,True
19.0,41.0,4.86,22.26,41.2,AQR20Marc2023.csv,2023-03-12,3,2023,Sunday,Summer,True
19.33,39.4,4.81,20.9,24.1,AQR20Marc2023.csv,2023-03-13,3,2023,Monday,Summer,False
19.66,38.33,4.9,21.23,20.6,AQR20Marc2023.csv,2023-03-14,3,2023,Tuesday,Summer,False
19.0,43.0,4.6,23.9,27.0,AQR20Marc2023.csv,2023-03-15,3,2023,Wednesday,Summer,False
18.33,67.0,4.3,18.6,11.0,AQR20Marc2023.csv,2023-03-16,3,2023,Thursday,Summer,False
18.66,63.0,4.5,21.8,28.4,AQR20Marc2023.csv,2023-03-17,3,2023,Friday,Summer,False
18.0,70.0,4.21,20.9,20.5,AQR20Marc2023.csv,2023-03-18,3,2023,Saturday,Summer,True
18.66,54.0,5.3,21.3,27.9,AQR20Marc2023.csv,2023-03-19,3,2023,Sunday,Summer,True
18.66,58.66,5.11,21.3,26.0,AQR20Marc2023.csv,2023-03-20,3,2023,Monday,Summer,False
19.0,70.0,4.17,18.6,23.8,AQR20Marc2023.csv,2023-03-21,3,2023,Tuesday,Summer,False
19.33,65.0,4.3,19.3,27.3,AQR20Marc2023.csv,2023-03-22,3,2023,Wednesday,Summer,False
20.0,68.33,4.21,18.23,13.76,AQR20Marc2023.csv,2023-03-23,3,2023,Thursday,Summer,False
19.0,73.0,4.33,19.8,23.4,AQR20Marc2023.csv,2023-03-24,3,2023,Friday,Summer,False
18.0,83.0,3.75,13.7,12.7,AQR20Marc2023.csv,2023-03-25,3,2023,Saturday,Summer,True
17.0,79.33,3.68,13.5,9.86,AQR20Marc2023.csv,2023-03-26,3,2023,Sunday,Summer,True
18.0,63.0,3.81,16.9,19.7,AQR20Marc2023.csv,2023-03-27,3,2023,Monday,Summer,False
18.33,64.0,3.82,17.11,22.0,AQR20Marc2023.csv,2023-03-28,3,2023,Tuesday,Summer,False
17.33,53.33,4.15,16.56,27.33,AQR20Marc2023.csv,2023-03-29,3,2023,Wednesday,Summer,False
16.0,81.0,3.8,15.33,18.9,AQR20Marc2023.csv,2023-03-30,3,2023,Thursday,Summer,False
16.33,83.0,3.42,13.5,8.3,AQR20Marc2023.csv,2023-03-31,3,2023,Friday,Summer,False
